iter	Logloss
0	0.6604700356
1	0.6308213668
2	0.6025383703
3	0.5770068727
4	0.5528467823
5	0.5310952902
6	0.511190953
7	0.4923382551
8	0.4745638696
9	0.4592538032
10	0.4441506462
11	0.4308562844
12	0.41789187
13	0.4058370534
14	0.3949704378
15	0.3848777438
16	0.375673633
17	0.3670993756
18	0.3583480711
19	0.3516657337
20	0.3448335888
21	0.3383823974
22	0.3321135986
23	0.3264443728
24	0.3211163682
25	0.3158157665
26	0.3116748773
27	0.307626679
28	0.3036908521
29	0.3004126882
30	0.2970563345
31	0.2940378859
32	0.2910238238
33	0.2881487843
34	0.2853165585
35	0.2828304648
36	0.2805347745
37	0.2782671539
38	0.2762593096
39	0.2742235587
40	0.2724866263
41	0.2707221751
42	0.2690474621
43	0.2674892284
44	0.2660324508
45	0.2649375802
46	0.2636052504
47	0.2625573691
48	0.2614670232
49	0.2603986574
50	0.2595177139
51	0.2586215054
52	0.2577423421
53	0.256887983
54	0.2560825228
55	0.2553141398
56	0.2545121166
57	0.2538167137
58	0.25317716
59	0.2525655331
60	0.251964522
61	0.2514125291
62	0.2508922583
63	0.2503419297
64	0.2498079896
65	0.2493560475
66	0.2488887562
67	0.2484983086
68	0.2481447092
69	0.2477428856
70	0.247362213
71	0.2469704887
72	0.246607006
73	0.2463201666
74	0.2459806951
75	0.2456468712
76	0.2453812095
77	0.2451091395
78	0.2448572902
79	0.2446330369
80	0.2443837189
81	0.2441640033
82	0.243898156
83	0.2437089892
84	0.2435347594
85	0.2433026068
86	0.2431004916
87	0.2429373802
88	0.2427688117
89	0.2425794547
90	0.2424241506
91	0.2422653714
92	0.2420879808
93	0.2419548801
94	0.2418525991
95	0.2416716456
96	0.241513037
97	0.2413610844
98	0.2412199448
99	0.2410876313
100	0.2409881504
101	0.2408866044
102	0.240762273
103	0.240625917
104	0.2405175842
105	0.2403812907
106	0.2402523427
107	0.2401638509
108	0.240082376
109	0.2399645427
110	0.2398483067
111	0.2397813925
112	0.2396881935
113	0.2395996619
114	0.2395235593
115	0.2394348652
116	0.2393406296
117	0.239233891
118	0.2391405944
119	0.2390555095
120	0.2389605729
121	0.2389138944
122	0.2388246718
123	0.238755597
124	0.2386784408
125	0.2386036845
126	0.2385242274
127	0.2384426729
128	0.2383506892
129	0.2382847142
130	0.2382208951
131	0.2381426878
132	0.2380800074
133	0.2380364885
134	0.2379728769
135	0.2379049135
136	0.237814996
137	0.2377449954
138	0.2376758133
139	0.2376457913
140	0.2375937469
141	0.237537679
142	0.2374655966
143	0.2374152427
144	0.2373511047
145	0.2373079328
146	0.2372635101
147	0.2372279251
148	0.237180889
149	0.237131721
150	0.2370838639
151	0.2370372216
152	0.2369878997
153	0.2369317676
154	0.2368812364
155	0.2368165708
156	0.2367806868
157	0.2367300038
158	0.23668411
159	0.2366368243
160	0.2365979458
161	0.2365569551
162	0.2365166821
163	0.2364733362
164	0.2364172485
165	0.2363727472
166	0.2363252851
167	0.2362750186
168	0.236209293
169	0.2361619394
170	0.2361239162
171	0.236086191
172	0.2360491833
173	0.236009043
174	0.2359599949
175	0.2359232709
176	0.2358927554
177	0.2358444803
178	0.2358078707
179	0.2357750643
180	0.2357134655
181	0.2356623145
182	0.2356232519
183	0.2355855746
184	0.235555755
185	0.2355346278
186	0.2354925929
187	0.2354513799
188	0.235424022
189	0.2353941471
190	0.2353551641
191	0.2353069502
192	0.2352689783
193	0.2352378843
194	0.2352085693
195	0.2351591638
196	0.2351196344
197	0.2350823665
198	0.2350464274
199	0.2350069118
200	0.2349745565
201	0.2349347069
202	0.2348965087
203	0.2348722368
204	0.2348447397
205	0.2348221715
206	0.2347898794
207	0.2347528078
208	0.2347262089
209	0.234701001
210	0.2346770634
211	0.2346394446
212	0.2346117
213	0.2345839775
214	0.234561318
215	0.2345359672
216	0.2345044819
217	0.2344561373
218	0.2344280946
219	0.2343954166
220	0.234369085
221	0.2343316636
222	0.2343011636
223	0.2342709744
224	0.2342405122
225	0.2342030375
226	0.2341686893
227	0.2341361113
228	0.2341065066
229	0.2340785355
230	0.234051826
231	0.2340217078
232	0.2339860961
233	0.2339518441
234	0.2339173912
235	0.2338960319
236	0.2338654428
237	0.2338317208
238	0.2338133157
239	0.2337768338
240	0.2337518986
241	0.2337295104
242	0.2337041719
243	0.2336862193
244	0.2336574574
245	0.2336397039
246	0.2335986684
247	0.2335605167
248	0.2335397905
249	0.2335142396
250	0.2334841679
251	0.2334525366
252	0.233419772
253	0.2333967936
254	0.2333595787
255	0.2333130391
256	0.2332861835
257	0.2332566719
258	0.2332341461
259	0.2332064279
260	0.2331767229
261	0.233149539
262	0.2331215711
263	0.2330829486
264	0.2330643013
265	0.2330436268
266	0.2330215958
267	0.2329948215
268	0.2329677709
269	0.2329472017
270	0.2329319038
271	0.2328986023
272	0.2328696658
273	0.2328385959
274	0.2328098831
275	0.2327950185
276	0.2327787699
277	0.2327538851
278	0.2327310068
279	0.2326994568
280	0.2326663815
281	0.2326408082
282	0.2326150563
283	0.2325841452
284	0.232563554
285	0.2325397581
286	0.2325185167
287	0.2325059279
288	0.2324755412
289	0.2324428707
290	0.2324165834
291	0.2323796901
292	0.2323606351
293	0.232345006
294	0.2323162804
295	0.2322966669
296	0.2322763655
297	0.2322371646
298	0.2322033162
299	0.2321903048
300	0.2321689057
301	0.232142131
302	0.2321072796
303	0.2320803031
304	0.2320566476
305	0.2320289929
306	0.2320070171
307	0.2319853459
308	0.2319613195
309	0.2319459379
310	0.231925144
311	0.2319076495
312	0.2318856537
313	0.2318591787
314	0.231826792
315	0.231803285
316	0.2317787485
317	0.2317537459
318	0.231726096
319	0.2317037561
320	0.2316837814
321	0.2316639826
322	0.2316384257
323	0.2316206961
324	0.2316030365
325	0.231580326
326	0.231560602
327	0.2315494327
328	0.2315222334
329	0.2315026518
330	0.2314824132
331	0.231454652
332	0.2314351422
333	0.2314087996
334	0.2313845919
335	0.2313583442
336	0.2313306371
337	0.2313142527
338	0.2312983767
339	0.2312684376
340	0.2312507258
341	0.2312302671
342	0.2312109602
343	0.231186137
344	0.231157087
345	0.2311360813
346	0.2311215755
347	0.2310996736
348	0.2310637466
349	0.2310470602
350	0.2310225276
351	0.2310039629
352	0.2309808897
353	0.2309675502
354	0.230940932
355	0.2309211673
356	0.2309006158
357	0.2308810002
358	0.2308565944
359	0.2308337926
360	0.230797551
361	0.2307652623
362	0.2307318538
363	0.2307047434
364	0.2306851783
365	0.2306708559
366	0.2306522001
367	0.2306227361
368	0.230601179
369	0.2305813498
370	0.230560537
371	0.2305346723
372	0.230518965
373	0.2305025113
374	0.2304812669
375	0.2304624708
376	0.2304491231
377	0.2304206256
378	0.2304048597
379	0.2303751639
380	0.2303568046
381	0.2303330003
382	0.2303055833
383	0.2302843019
384	0.2302550633
385	0.2302235876
386	0.230204321
387	0.2301875677
388	0.2301597174
389	0.2301333765
390	0.23011589
391	0.2301023184
392	0.230074462
393	0.2300476781
394	0.2300259041
395	0.2300023636
396	0.2299821459
397	0.2299743826
398	0.2299533772
399	0.2299378598
400	0.2299098202
401	0.2298870601
402	0.2298638906
403	0.229844753
404	0.2298223095
405	0.2297976667
406	0.2297690172
407	0.2297504561
408	0.2297323942
409	0.2297155124
410	0.2296881601
411	0.2296708154
412	0.2296493308
413	0.2296297535
414	0.2296097571
415	0.2295922741
416	0.229572148
417	0.2295599856
418	0.2295345546
419	0.2295158962
420	0.2294933325
421	0.2294636707
422	0.229429553
423	0.229402934
424	0.2293868767
425	0.2293645778
426	0.2293478477
427	0.2293113311
428	0.2292887692
429	0.229264861
430	0.2292449077
431	0.2292262069
432	0.2292042628
433	0.2291838568
434	0.2291593636
435	0.2291424652
436	0.2291230743
437	0.2290986829
438	0.2290804783
439	0.2290590135
440	0.2290417974
441	0.229017946
442	0.2289869293
443	0.2289601799
444	0.2289365842
445	0.2289152797
446	0.2288968863
447	0.2288731104
448	0.2288578486
449	0.2288428201
450	0.2288185478
451	0.2287995047
452	0.2287759446
453	0.2287629203
454	0.22874584
455	0.2287222689
456	0.2287017399
457	0.2286836307
458	0.2286548281
459	0.2286357958
460	0.2286183291
461	0.2285961924
462	0.2285789571
463	0.2285626154
464	0.2285428781
465	0.2285254294
466	0.2285110768
467	0.2284982985
468	0.2284707159
469	0.2284467616
470	0.2284234837
471	0.2284034154
472	0.2283789793
473	0.2283603016
474	0.2283455236
475	0.2283303036
476	0.2283063328
477	0.2282864462
478	0.2282649217
479	0.2282498331
480	0.2282315617
481	0.2282150673
482	0.2281946521
483	0.2281729977
484	0.2281555415
485	0.2281359813
486	0.228117959
487	0.2280985801
488	0.2280665022
489	0.2280356444
490	0.2280187361
491	0.2280010782
492	0.2279807326
493	0.2279583238
494	0.2279435902
495	0.2279293482
496	0.2279026634
497	0.2278929593
498	0.2278662117
499	0.2278451718
500	0.2278293256
501	0.2277978961
502	0.2277862497
503	0.227767349
504	0.2277493158
505	0.2277253372
506	0.2277087607
507	0.2276820035
508	0.2276622727
509	0.2276423756
510	0.2276113315
511	0.2275868048
512	0.2275700242
513	0.2275422855
514	0.2275175652
515	0.2274963766
516	0.227463305
517	0.2274511341
518	0.2274419931
519	0.2274205479
520	0.2274052965
521	0.22738138
522	0.2273575592
523	0.2273392602
524	0.2273184323
525	0.2272963849
526	0.2272865658
527	0.2272676266
528	0.2272477293
529	0.2272367793
530	0.2272261032
531	0.2272033994
532	0.227186273
533	0.2271634007
534	0.2271470191
535	0.2271253326
536	0.22710435
537	0.2270868656
538	0.2270678708
539	0.2270464069
540	0.2270235359
541	0.2270028824
542	0.226987603
543	0.2269670659
544	0.2269467562
545	0.2269281469
546	0.2269015829
547	0.2268800017
548	0.2268578819
549	0.2268328554
550	0.2268106284
551	0.2267895971
552	0.2267726023
553	0.2267613969
554	0.2267395739
555	0.2267224368
556	0.2267035513
557	0.2266783602
558	0.2266468303
559	0.2266254461
560	0.2266124536
561	0.2265940681
562	0.2265732835
563	0.2265550334
564	0.2265422165
565	0.2265206953
566	0.2264951678
567	0.2264825753
568	0.2264521054
569	0.226437168
570	0.2264210997
571	0.2264018567
572	0.2263838506
573	0.2263595286
574	0.226344297
575	0.2263174706
576	0.2263088279
577	0.2262946579
578	0.2262730722
579	0.2262551884
580	0.2262356965
581	0.2262262877
582	0.2262060216
583	0.2261862337
584	0.2261646756
585	0.2261416665
586	0.2261295946
587	0.2261141873
588	0.2260913531
589	0.2260663852
590	0.2260496112
591	0.2260264812
592	0.225996973
593	0.2259836449
594	0.2259616354
595	0.2259413767
596	0.2259318085
597	0.225915386
598	0.2258928294
599	0.2258746762
600	0.2258514578
601	0.225829252
602	0.2258051643
603	0.2257821632
604	0.2257523889
605	0.2257405882
606	0.2257216802
607	0.2256931044
608	0.2256712037
609	0.2256586779
610	0.2256403446
611	0.2256244
612	0.2256068852
613	0.225578053
614	0.2255603351
615	0.2255450604
616	0.2255231753
617	0.2255098227
618	0.2254896993
619	0.225471376
620	0.2254497693
621	0.225428004
622	0.2254041879
623	0.2253888268
624	0.225368001
625	0.2253477796
626	0.2253280952
627	0.225319168
628	0.2253027171
629	0.2252792262
630	0.2252676805
631	0.2252524033
632	0.2252345548
633	0.2252039551
634	0.2251885757
635	0.2251636268
636	0.2251402217
637	0.2251197561
638	0.2251097216
639	0.2250894675
640	0.2250643153
641	0.2250475745
642	0.2250271839
643	0.2250186082
644	0.2249914093
645	0.2249700308
646	0.224941125
647	0.2249231465
648	0.2249059717
649	0.2249006146
650	0.2248772417
651	0.2248642074
652	0.2248422482
653	0.2248259727
654	0.2248079053
655	0.2247943185
656	0.2247692658
657	0.2247484794
658	0.2247313627
659	0.2247151296
660	0.2247025959
661	0.2246792548
662	0.2246603782
663	0.2246518099
664	0.2246333743
665	0.2246124127
666	0.2245931316
667	0.2245707018
668	0.2245509096
669	0.2245365653
670	0.2245178354
671	0.2245085123
672	0.2244922536
673	0.2244704858
674	0.2244575102
675	0.2244349373
676	0.2244207074
677	0.2244042632
678	0.2243963496
679	0.2243695598
680	0.2243519436
681	0.2243361882
682	0.2243205581
683	0.224294587
684	0.2242733145
685	0.2242534431
686	0.2242474946
687	0.2242263313
688	0.2242118306
689	0.2241969571
690	0.224185387
691	0.2241667303
692	0.2241654876
693	0.224140574
694	0.2241235802
695	0.2241106102
696	0.2240930534
697	0.2240782249
698	0.2240621379
699	0.2240306667
700	0.2240115431
701	0.2239910588
702	0.2239695952
703	0.223952969
704	0.2239398855
705	0.2239253074
706	0.2239025491
707	0.2238810952
708	0.2238622125
709	0.2238450832
710	0.223827839
711	0.2238082814
712	0.2237874861
713	0.2237677119
714	0.2237510827
715	0.2237395799
716	0.2237242823
717	0.2237091858
718	0.2236991708
719	0.2236823512
720	0.2236676311
721	0.2236507124
722	0.2236234684
723	0.2236105851
724	0.2235992614
725	0.2235870936
726	0.2235756901
727	0.223567301
728	0.2235538578
729	0.2235245233
730	0.2235088378
731	0.2234916077
732	0.223478808
733	0.2234614277
734	0.2234515911
735	0.2234325362
736	0.2234148857
737	0.2233992148
738	0.2233770909
739	0.2233643018
740	0.2233523725
741	0.2233341965
742	0.2233231381
743	0.2233017338
744	0.2232871131
745	0.2232746538
746	0.2232628263
747	0.2232460329
748	0.2232296951
749	0.2232161908
750	0.2231958278
751	0.2231759812
752	0.2231576156
753	0.2231433659
754	0.223127184
755	0.2231083494
756	0.2230889578
757	0.2230769471
758	0.2230709887
759	0.2230619649
760	0.2230487538
761	0.2230303984
762	0.2230121091
763	0.2229932703
764	0.2229651006
765	0.2229520067
766	0.222932708
767	0.2229167181
768	0.2229034868
769	0.2228833549
770	0.2228681864
771	0.2228548341
772	0.2228299759
773	0.222811549
774	0.2227890459
775	0.2227783021
776	0.2227637541
777	0.2227450138
778	0.2227309892
779	0.2227193383
780	0.2227024278
781	0.222687389
782	0.2226784448
783	0.2226650864
784	0.2226494579
785	0.2226275511
786	0.2226125222
787	0.2225961552
788	0.2225684887
789	0.2225600023
790	0.2225439846
791	0.2225223535
792	0.2225141957
793	0.222502862
794	0.2224861707
795	0.222464898
796	0.2224505312
797	0.2224343829
798	0.2224126811
799	0.2223930273
800	0.2223833916
801	0.222372264
802	0.222361985
803	0.2223429384
804	0.2223313633
805	0.222315091
806	0.2223009776
807	0.2222855682
808	0.2222681207
809	0.2222546903
810	0.2222378231
811	0.2222191441
812	0.222202834
813	0.2221852823
814	0.2221691076
815	0.2221543809
816	0.2221330861
817	0.2221124128
818	0.2221115484
819	0.2220993746
820	0.2220887684
821	0.2220604796
822	0.2220378408
823	0.2220193475
824	0.222001738
825	0.2219845442
826	0.2219756326
827	0.2219623896
828	0.2219407618
829	0.2219340782
830	0.2219230727
831	0.2219083946
832	0.221890757
833	0.2218770432
834	0.22186805
835	0.2218522094
836	0.2218374429
837	0.2218208128
838	0.221805597
839	0.2217925748
840	0.2217730833
841	0.2217546343
842	0.2217416016
843	0.221725878
844	0.2217111934
845	0.2217026144
846	0.2216929304
847	0.2216754853
848	0.2216616311
849	0.2216404321
850	0.2216168882
851	0.2216008931
852	0.2215796142
853	0.2215627269
854	0.2215496632
855	0.2215318303
856	0.2215181055
857	0.2215081482
858	0.2214940924
859	0.2214790107
860	0.2214550871
861	0.2214330126
862	0.2214086784
863	0.2213938744
864	0.2213876323
865	0.221371239
866	0.2213508003
867	0.2213274024
868	0.2213153953
869	0.2213035031
870	0.2212820253
871	0.2212644945
872	0.2212507297
873	0.2212341043
874	0.2212126972
875	0.2211987693
876	0.2211792594
877	0.2211554137
878	0.2211377952
879	0.221116167
880	0.2210955508
881	0.221081626
882	0.2210712488
883	0.2210561371
884	0.2210438732
885	0.221026416
886	0.2210054519
887	0.2209859877
888	0.2209836463
889	0.2209664523
890	0.220952866
891	0.220942197
892	0.2209310269
893	0.2209188896
894	0.220899704
895	0.2208873593
896	0.2208737166
897	0.2208674611
898	0.2208488803
899	0.2208352552
900	0.2208347783
901	0.2208110353
902	0.2208006049
903	0.2207820179
904	0.2207741409
905	0.220757361
906	0.2207364051
907	0.2207288986
908	0.2207083389
909	0.2206964691
910	0.2206739616
911	0.2206637906
912	0.2206500987
913	0.2206431438
914	0.22063013
915	0.2206146401
916	0.2206000338
917	0.2205809077
918	0.2205677737
919	0.2205496671
920	0.2205375515
921	0.2205235501
922	0.2205119856
923	0.2204954876
924	0.2204765454
925	0.2204590758
926	0.2204452215
927	0.2204297019
928	0.2204132741
929	0.2204031851
930	0.2203935303
931	0.2203782696
932	0.2203641234
933	0.2203538621
934	0.2203470095
935	0.2203333065
936	0.2203210088
937	0.2203004461
938	0.2202860805
939	0.2202720785
940	0.2202563175
941	0.2202386301
942	0.2202219439
943	0.2202052254
944	0.2201875156
945	0.2201731766
946	0.2201598723
947	0.2201423735
948	0.2201233332
949	0.2201099989
950	0.2200903241
951	0.2200877264
952	0.2200727315
953	0.2200564318
954	0.220035469
955	0.2200250836
956	0.2200186426
957	0.2199973537
958	0.2199744936
959	0.2199565352
960	0.2199462905
961	0.2199341032
962	0.219914696
963	0.2199035639
964	0.2198871422
965	0.2198772037
966	0.2198598348
967	0.2198472181
968	0.219839529
969	0.2198302478
970	0.2198150611
971	0.2198048521
972	0.2197808604
973	0.2197647798
974	0.2197506893
975	0.2197339883
976	0.2197113062
977	0.2196965822
978	0.2196734132
979	0.2196696049
980	0.2196594946
981	0.2196409439
982	0.2196213343
983	0.2196026793
984	0.2196020802
985	0.2195872379
986	0.2195714247
987	0.2195596754
988	0.2195291029
989	0.2195208451
990	0.2195045063
991	0.21948332
992	0.2194702484
993	0.2194574715
994	0.219436014
995	0.2194240763
996	0.2194032121
997	0.2193931781
998	0.2193758845
999	0.2193614157
1000	0.2193491371
1001	0.2193385146
1002	0.2193200851
1003	0.2193078815
1004	0.2192935845
1005	0.219279583
1006	0.2192607434
1007	0.219251395
1008	0.2192509542
1009	0.2192363103
1010	0.2192358183
1011	0.2192200569
1012	0.219198144
1013	0.2191840312
1014	0.2191805724
1015	0.21915338
1016	0.2191408085
1017	0.2191247802
1018	0.2191036368
1019	0.2190823057
1020	0.2190637897
1021	0.2190632385
1022	0.2190494588
1023	0.2190330426
1024	0.2190209367
1025	0.2190078415
1026	0.2189958159
1027	0.2189718223
1028	0.2189598919
1029	0.2189456573
1030	0.2189450652
1031	0.2189256478
1032	0.2189058552
1033	0.2188891617
1034	0.2188710958
1035	0.2188571734
1036	0.2188566978
1037	0.2188387418
1038	0.2188270026
1039	0.2188125131
1040	0.218812007
1041	0.2188114321
1042	0.2188021087
1043	0.2187900692
1044	0.2187803404
1045	0.2187584651
1046	0.2187536852
1047	0.2187438914
1048	0.2187240381
1049	0.2187120552
1050	0.2186893936
1051	0.2186736257
1052	0.2186578223
1053	0.2186435908
1054	0.2186431299
1055	0.2186259762
1056	0.2186047581
1057	0.2185922928
1058	0.2185788506
1059	0.2185784639
1060	0.218562362
1061	0.2185401336
1062	0.2185200091
1063	0.2185105298
1064	0.2184918861
1065	0.2184834391
1066	0.2184688165
1067	0.218451386
1068	0.2184347523
1069	0.2184224379
1070	0.2184076233
1071	0.2184005329
1072	0.2183860847
1073	0.2183642723
1074	0.2183519921
1075	0.2183242324
1076	0.2183153765
1077	0.2183147565
1078	0.2183030997
1079	0.2182925636
1080	0.218284032
1081	0.2182690429
1082	0.2182495449
1083	0.218243224
1084	0.2182236129
1085	0.2182110177
1086	0.2181975422
1087	0.2181868541
1088	0.2181665196
1089	0.2181468458
1090	0.2181390927
1091	0.2181277622
1092	0.2181272276
1093	0.2181118199
1094	0.2180929402
1095	0.218077862
1096	0.2180538894
1097	0.2180344834
1098	0.2180221578
1099	0.21801047
1100	0.2179915746
1101	0.217983578
1102	0.2179699014
1103	0.2179558746
1104	0.2179356363
1105	0.2179227534
1106	0.2179062959
1107	0.2178957843
1108	0.217895323
1109	0.2178786833
1110	0.2178699411
1111	0.2178506223
1112	0.2178369177
1113	0.2178162235
1114	0.2178030545
1115	0.2177891308
1116	0.21777406
1117	0.2177611931
1118	0.2177446272
1119	0.2177441825
1120	0.2177200924
1121	0.2177085875
1122	0.2176857074
1123	0.217663947
1124	0.2176544666
1125	0.2176421136
1126	0.2176184133
1127	0.2176025413
1128	0.2175835342
1129	0.2175701658
1130	0.217551145
1131	0.2175339227
1132	0.2175174226
1133	0.2175062064
1134	0.2174950766
1135	0.2174812193
1136	0.2174643647
1137	0.2174515178
1138	0.2174316105
1139	0.2174266147
1140	0.2174262122
1141	0.2174066929
1142	0.2173887736
1143	0.2173751257
1144	0.2173576813
1145	0.2173490747
1146	0.2173300729
1147	0.2173155522
1148	0.2173068765
1149	0.2172887706
1150	0.2172790681
1151	0.2172614637
1152	0.2172492394
1153	0.2172371068
1154	0.2172149148
1155	0.2172004701
1156	0.2171863881
1157	0.2171749864
1158	0.2171726722
1159	0.2171612666
1160	0.2171387785
1161	0.2171168262
1162	0.217101175
1163	0.2170891979
1164	0.2170771066
1165	0.2170634842
1166	0.2170431212
1167	0.2170235907
1168	0.2170096203
1169	0.2169962772
1170	0.2169818894
1171	0.2169721703
1172	0.2169597516
1173	0.2169403124
1174	0.2169269827
1175	0.216913894
1176	0.2169009706
1177	0.2168880298
1178	0.2168769577
1179	0.216854761
1180	0.2168407153
1181	0.2168192809
1182	0.216804068
1183	0.2168010561
1184	0.2167937724
1185	0.2167802155
1186	0.2167659524
1187	0.2167595731
1188	0.2167428357
1189	0.21673378
1190	0.2167167028
1191	0.2166988577
1192	0.2166878163
1193	0.2166772024
1194	0.2166616019
1195	0.2166492603
1196	0.216638531
1197	0.2166279767
1198	0.2166045135
1199	0.216592413
1200	0.2165736131
1201	0.2165654415
1202	0.2165474917
1203	0.2165306951
1204	0.2165124383
1205	0.2164937151
1206	0.2164823832
1207	0.2164680847
1208	0.2164589329
1209	0.2164447425
1210	0.2164292866
1211	0.2164171148
1212	0.2163990402
1213	0.2163911125
1214	0.2163788621
1215	0.2163620824
1216	0.2163503418
1217	0.2163402225
1218	0.2163264296
1219	0.2163091656
1220	0.2162956461
1221	0.2162876822
1222	0.2162872196
1223	0.2162753578
1224	0.2162531891
1225	0.2162334387
1226	0.2162206713
1227	0.216212033
1228	0.2162015213
1229	0.2161909726
1230	0.2161737943
1231	0.2161652676
1232	0.2161403301
1233	0.2161276534
1234	0.2161092052
1235	0.2161002589
1236	0.2160899687
1237	0.2160715515
1238	0.2160567998
1239	0.2160447567
1240	0.2160293659
1241	0.2160149892
1242	0.2160018581
1243	0.2159840947
1244	0.2159777498
1245	0.2159692902
1246	0.2159525197
1247	0.2159384325
1248	0.2159163853
1249	0.2159031821
1250	0.2158907232
1251	0.2158792513
1252	0.2158610806
1253	0.2158480737
1254	0.2158305181
1255	0.2158204513
1256	0.2158081404
1257	0.2157961518
1258	0.2157905512
1259	0.2157744718
1260	0.2157654462
1261	0.2157491798
1262	0.215733858
1263	0.215722159
1264	0.2157112649
1265	0.2157018538
1266	0.2156920194
1267	0.215676436
1268	0.2156592386
1269	0.2156478932
1270	0.2156473929
1271	0.2156320244
1272	0.2156141484
1273	0.2156026084
1274	0.2155935723
1275	0.2155785338
1276	0.2155725559
1277	0.2155548193
1278	0.2155394643
1279	0.2155288281
1280	0.2155098497
1281	0.2154932677
1282	0.215477989
1283	0.2154663947
1284	0.2154525348
1285	0.2154390056
1286	0.2154385637
1287	0.2154323967
1288	0.2154157159
1289	0.2154064593
1290	0.2153914651
1291	0.2153868458
1292	0.2153646053
1293	0.2153617274
1294	0.2153446601
1295	0.2153326746
1296	0.2153143793
1297	0.2153138561
1298	0.2153032123
1299	0.2152801659
1300	0.2152659513
1301	0.2152630828
1302	0.2152492668
1303	0.2152294161
1304	0.2152178044
1305	0.2152130467
1306	0.2151977923
1307	0.2151882112
1308	0.2151877182
1309	0.2151779736
1310	0.2151652039
1311	0.2151467399
1312	0.2151368417
1313	0.2151296883
1314	0.2151165477
1315	0.2151002936
1316	0.215089099
1317	0.2150793981
1318	0.2150611276
1319	0.21504176
1320	0.2150320733
1321	0.2150230312
1322	0.2150226682
1323	0.2150222402
1324	0.215009805
1325	0.2149966373
1326	0.214982195
1327	0.2149752201
1328	0.2149591058
1329	0.2149436822
1330	0.2149298958
1331	0.2149184299
1332	0.2149063581
1333	0.2148891961
1334	0.2148803117
1335	0.2148656464
1336	0.2148527601
1337	0.2148383362
1338	0.2148228332
1339	0.2148053425
1340	0.2147850393
1341	0.2147718367
1342	0.2147552918
1343	0.2147439294
1344	0.2147234052
1345	0.2147085535
1346	0.2146958335
1347	0.2146861556
1348	0.214674785
1349	0.2146598642
1350	0.2146413416
1351	0.2146300777
1352	0.2146218451
1353	0.21460784
1354	0.2145897318
1355	0.2145693776
1356	0.2145547574
1357	0.2145384169
1358	0.2145307621
1359	0.2145159243
1360	0.2144994122
1361	0.2144897712
1362	0.2144727131
1363	0.2144607478
1364	0.2144603042
1365	0.2144439178
1366	0.2144261135
1367	0.2144133149
1368	0.2144080878
1369	0.2143989001
1370	0.2143902821
1371	0.2143899728
1372	0.2143753478
1373	0.2143592638
1374	0.2143433113
1375	0.2143239904
1376	0.2143069213
1377	0.2142939584
1378	0.2142807275
1379	0.2142721795
1380	0.2142565368
1381	0.214238272
1382	0.214221468
1383	0.214210493
1384	0.2142017073
1385	0.2142013625
1386	0.2141858528
1387	0.2141715323
1388	0.2141592158
1389	0.2141449615
1390	0.2141321043
1391	0.2141158155
1392	0.2141000998
1393	0.21408787
1394	0.2140737013
1395	0.2140523384
1396	0.2140464958
1397	0.2140315667
1398	0.2140270977
1399	0.2140174367
1400	0.2140064867
1401	0.2139886911
1402	0.2139747042
1403	0.2139580227
1404	0.2139374162
1405	0.2139269145
1406	0.2139114827
1407	0.2138953926
1408	0.2138817516
1409	0.2138690367
1410	0.2138510513
1411	0.2138322554
1412	0.213816011
1413	0.2138042278
1414	0.213790722
1415	0.213780428
1416	0.2137672918
1417	0.2137475566
1418	0.2137462634
1419	0.2137368636
1420	0.2137209111
1421	0.2137052429
1422	0.2136915974
1423	0.2136765757
1424	0.213665374
1425	0.2136483936
1426	0.2136391954
1427	0.2136308774
1428	0.2136192449
1429	0.2136028518
1430	0.2135940703
1431	0.2135768193
1432	0.2135763792
1433	0.2135608199
1434	0.2135458526
1435	0.2135357321
1436	0.2135194113
1437	0.2135010387
1438	0.2134912904
1439	0.2134773506
1440	0.2134614712
1441	0.2134611048
1442	0.2134445658
1443	0.2134273404
1444	0.2134145801
1445	0.2134033541
1446	0.2133907863
1447	0.2133767652
1448	0.2133629172
1449	0.2133432934
1450	0.2133324459
1451	0.2133156398
1452	0.2132929214
1453	0.2132924796
1454	0.2132825947
1455	0.2132665708
1456	0.2132563789
1457	0.213243018
1458	0.2132327485
1459	0.2132229257
1460	0.2132115154
1461	0.213203656
1462	0.2131911927
1463	0.2131789836
1464	0.2131687364
1465	0.2131605497
1466	0.213147028
1467	0.2131344625
1468	0.213129857
1469	0.2131154309
1470	0.2131016056
1471	0.2130877982
1472	0.2130873397
1473	0.2130805361
1474	0.2130658337
1475	0.2130494665
1476	0.2130390371
1477	0.2130386896
1478	0.2130289735
1479	0.2130177172
1480	0.2130124735
1481	0.2129980448
1482	0.2129801863
1483	0.2129755781
1484	0.2129663971
1485	0.2129473761
1486	0.2129332321
1487	0.2129182701
1488	0.2129077506
1489	0.2128866412
1490	0.212880628
1491	0.2128697004
1492	0.2128534263
1493	0.2128423078
1494	0.2128326364
1495	0.2128181597
1496	0.2128095115
1497	0.2127901117
1498	0.2127726976
1499	0.2127662728
1500	0.2127535816
1501	0.2127412764
1502	0.2127357834
1503	0.2127239788
1504	0.2127047478
1505	0.2126925663
1506	0.2126812976
1507	0.2126630756
1508	0.2126499502
1509	0.2126325087
1510	0.2126209393
1511	0.212607169
1512	0.2125965597
1513	0.2125761678
1514	0.212557112
1515	0.2125460585
1516	0.212525487
1517	0.2125082709
1518	0.2125015395
1519	0.2124883932
1520	0.2124830141
1521	0.2124707957
1522	0.2124532171
1523	0.2124375541
1524	0.2124212297
1525	0.2124091114
1526	0.212389644
1527	0.2123790728
1528	0.2123715716
1529	0.2123590819
1530	0.2123473418
1531	0.2123414255
1532	0.212330934
1533	0.2123127811
1534	0.2122929636
1535	0.2122807276
1536	0.2122616396
1537	0.2122511401
1538	0.2122335415
1539	0.2122248145
1540	0.2122047439
1541	0.212187456
1542	0.2121784854
1543	0.2121646106
1544	0.2121520304
1545	0.2121381876
1546	0.2121258471
1547	0.2121095921
1548	0.2120971818
1549	0.2120837132
1550	0.2120702934
1551	0.2120595662
1552	0.212047311
1553	0.2120366089
1554	0.2120237123
1555	0.2120113884
1556	0.2119971647
1557	0.2119768321
1558	0.2119692899
1559	0.2119689581
1560	0.2119543507
1561	0.2119346795
1562	0.2119292328
1563	0.2119202099
1564	0.2119048489
1565	0.2118949822
1566	0.2118807921
1567	0.2118679929
1568	0.2118560438
1569	0.2118439272
1570	0.2118307182
1571	0.2118185402
1572	0.2118075335
1573	0.2117935815
1574	0.211782401
1575	0.2117817533
1576	0.2117665108
1577	0.2117464262
1578	0.2117395063
1579	0.2117340458
1580	0.2117337124
1581	0.21172055
1582	0.2117105547
1583	0.2116976569
1584	0.2116847611
1585	0.211673708
1586	0.211658448
1587	0.2116495085
1588	0.2116315955
1589	0.211619405
1590	0.2116022474
1591	0.2115834651
1592	0.2115802974
1593	0.2115694934
1594	0.211561898
1595	0.2115459192
1596	0.2115341297
1597	0.2115217307
1598	0.2115050028
1599	0.2114884969
1600	0.2114686013
1601	0.2114558533
1602	0.2114386314
1603	0.2114267249
1604	0.211412572
1605	0.2113945721
1606	0.2113875929
1607	0.2113746864
1608	0.2113743507
1609	0.2113592332
1610	0.2113499788
1611	0.2113390229
1612	0.2113199705
1613	0.2113090252
1614	0.2112952582
1615	0.2112745254
1616	0.2112702921
1617	0.2112620391
1618	0.2112476862
1619	0.2112412547
1620	0.2112314409
1621	0.2112231458
1622	0.2112123357
1623	0.2112025263
1624	0.2111939299
1625	0.21118046
1626	0.2111658522
1627	0.2111401901
1628	0.21111839
1629	0.2111086924
1630	0.2110912327
1631	0.2110790925
1632	0.2110647183
1633	0.211040092
1634	0.2110187316
1635	0.2110037835
1636	0.2109912671
1637	0.2109834032
1638	0.2109723035
1639	0.2109624773
1640	0.2109458956
1641	0.2109316012
1642	0.2109178738
1643	0.2109049634
1644	0.2108846688
1645	0.2108706034
1646	0.2108638215
1647	0.2108577531
1648	0.2108386125
1649	0.2108285845
1650	0.2108280534
1651	0.210814858
1652	0.2108028853
1653	0.2107936725
1654	0.2107862595
1655	0.2107774191
1656	0.2107665443
1657	0.2107505069
1658	0.2107501532
1659	0.21073532
1660	0.2107240445
1661	0.2107068557
1662	0.2107015341
1663	0.2106848173
1664	0.2106693085
1665	0.2106582261
1666	0.2106445541
1667	0.2106411955
1668	0.2106287858
1669	0.210616941
1670	0.2106036117
1671	0.2105923378
1672	0.2105845005
1673	0.2105750271
1674	0.2105592451
1675	0.2105454883
1676	0.2105319602
1677	0.2105212672
1678	0.2105086381
1679	0.2104983171
1680	0.2104872177
1681	0.2104735893
1682	0.2104582457
1683	0.2104462862
1684	0.2104341055
1685	0.2104212555
1686	0.2104137464
1687	0.2104074027
1688	0.2104028107
1689	0.2103899181
1690	0.2103770153
1691	0.2103622283
1692	0.2103519078
1693	0.21034546
1694	0.2103451472
1695	0.2103319228
1696	0.2103244535
1697	0.2103114082
1698	0.2102996983
1699	0.210277345
1700	0.2102686202
1701	0.2102547233
1702	0.2102434575
1703	0.2102263184
1704	0.2102104491
1705	0.2102007906
1706	0.2101900428
1707	0.2101889492
1708	0.2101844365
1709	0.2101685568
1710	0.210155253
1711	0.2101432892
1712	0.2101290532
1713	0.2101239756
1714	0.2101160555
1715	0.2101034745
1716	0.2100954861
1717	0.210086015
1718	0.2100707778
1719	0.2100599787
1720	0.2100551192
1721	0.2100441336
1722	0.2100346643
1723	0.2100181737
1724	0.2100021419
1725	0.2099864074
1726	0.2099720891
1727	0.2099630707
1728	0.2099483835
1729	0.2099340431
1730	0.2099195483
1731	0.2099006665
1732	0.2098898762
1733	0.2098820205
1734	0.2098641594
1735	0.2098624102
1736	0.2098490466
1737	0.209835237
1738	0.209826014
1739	0.209807445
1740	0.2097868157
1741	0.209775732
1742	0.2097582625
1743	0.2097445594
1744	0.2097367587
1745	0.209726665
1746	0.2097083943
1747	0.2096923893
1748	0.2096771457
1749	0.2096591512
1750	0.2096494008
1751	0.2096308694
1752	0.2096167552
1753	0.2095978171
1754	0.2095974049
1755	0.2095823465
1756	0.2095713157
1757	0.2095554469
1758	0.2095418345
1759	0.2095283432
1760	0.2095121905
1761	0.2095026599
1762	0.2094882592
1763	0.2094782479
1764	0.209466316
1765	0.2094473077
1766	0.2094356664
1767	0.209425851
1768	0.2094254938
1769	0.2094144792
1770	0.2094140789
1771	0.2094071947
1772	0.2094068108
1773	0.2093946408
1774	0.2093829968
1775	0.209372898
1776	0.2093664674
1777	0.2093577379
1778	0.2093449257
1779	0.2093346883
1780	0.2093263118
1781	0.2093232621
1782	0.2093076371
1783	0.2092967999
1784	0.2092825685
1785	0.2092710559
1786	0.2092628804
1787	0.2092499965
1788	0.2092495695
1789	0.20923833
1790	0.2092237552
1791	0.209212898
1792	0.2092048166
1793	0.2091989795
1794	0.2091753184
1795	0.2091705956
1796	0.2091512458
1797	0.2091349409
1798	0.2091129224
1799	0.2091071258
1800	0.2090889935
1801	0.2090886915
1802	0.2090771491
1803	0.2090589397
1804	0.2090492259
1805	0.2090405397
1806	0.2090271736
1807	0.2090163471
1808	0.2089992449
1809	0.2089887822
1810	0.2089792974
1811	0.2089722596
1812	0.2089602952
1813	0.2089453425
1814	0.2089329278
1815	0.2089209793
1816	0.2089103256
1817	0.20889759
1818	0.2088852321
1819	0.208874076
1820	0.2088613344
1821	0.2088489156
1822	0.2088426485
1823	0.2088320388
1824	0.208811177
1825	0.20879957
1826	0.2087848003
1827	0.2087700683
1828	0.2087592194
1829	0.2087475078
1830	0.208728545
1831	0.2087196242
1832	0.2087084925
1833	0.2086948171
1834	0.2086880152
1835	0.2086778433
1836	0.2086606914
1837	0.2086486334
1838	0.2086353459
1839	0.2086350321
1840	0.2086231026
1841	0.2086113382
1842	0.2085987427
1843	0.2085819165
1844	0.2085695849
1845	0.2085561529
1846	0.2085470671
1847	0.2085342398
1848	0.2085209261
1849	0.2085028788
1850	0.2084900955
1851	0.2084758217
1852	0.2084659252
1853	0.2084481921
1854	0.2084380003
1855	0.2084211587
1856	0.2084130991
1857	0.2084011437
1858	0.2084000928
1859	0.20839459
1860	0.2083779284
1861	0.2083650343
1862	0.2083644578
1863	0.208350462
1864	0.2083420289
1865	0.2083247428
1866	0.2083163893
1867	0.2082956513
1868	0.2082857012
1869	0.208285391
1870	0.2082770562
1871	0.2082581298
1872	0.2082462731
1873	0.2082364418
1874	0.2082292101
1875	0.2082151279
1876	0.2082074292
1877	0.2081929547
1878	0.2081908716
1879	0.2081813233
1880	0.2081809634
1881	0.2081686342
1882	0.2081615339
1883	0.2081459271
1884	0.2081344633
1885	0.2081175046
1886	0.2081041337
1887	0.2080927798
1888	0.2080799625
1889	0.2080661109
1890	0.2080549779
1891	0.2080475377
1892	0.2080347039
1893	0.2080207696
1894	0.2080119018
1895	0.2080114186
1896	0.2080102842
1897	0.2079890992
1898	0.2079763904
1899	0.2079588778
1900	0.2079468752
1901	0.2079338319
1902	0.2079173278
1903	0.2079073301
1904	0.2078995999
1905	0.2078886185
1906	0.2078764199
1907	0.2078659624
1908	0.2078606273
1909	0.2078524935
1910	0.2078434977
1911	0.2078346821
1912	0.2078343862
1913	0.2078225039
1914	0.2078082227
1915	0.2077905609
1916	0.207775859
1917	0.2077624189
1918	0.2077529829
1919	0.2077353106
1920	0.2077283877
1921	0.2077174515
1922	0.2077070336
1923	0.2076980862
1924	0.207684282
1925	0.2076748258
1926	0.2076692615
1927	0.2076576361
1928	0.207645456
1929	0.2076354037
1930	0.207617822
1931	0.2076071166
1932	0.2076017341
1933	0.2075913596
1934	0.2075800196
1935	0.2075721493
1936	0.2075642383
1937	0.2075526162
1938	0.2075338554
1939	0.2075286699
1940	0.207512003
1941	0.2075000295
1942	0.2074891901
1943	0.2074736374
1944	0.2074590928
1945	0.2074523092
1946	0.2074394725
1947	0.2074238087
1948	0.2074118012
1949	0.2074012398
1950	0.2073922508
1951	0.2073780423
1952	0.2073677788
1953	0.207359914
1954	0.2073453991
1955	0.2073450959
1956	0.2073312697
1957	0.207331006
1958	0.2073233265
1959	0.2073230055
1960	0.2073141382
1961	0.2073047923
1962	0.2072950653
1963	0.2072822808
1964	0.2072739029
1965	0.2072647207
1966	0.2072531194
1967	0.2072435867
1968	0.207239415
1969	0.2072389299
1970	0.2072357579
1971	0.2072229041
1972	0.2072143339
1973	0.2072005975
1974	0.2071820083
1975	0.2071689959
1976	0.2071685518
1977	0.2071584846
1978	0.2071507675
1979	0.2071444958
1980	0.2071441539
1981	0.2071347243
1982	0.2071236536
1983	0.2071120301
1984	0.2070918669
1985	0.2070916153
1986	0.2070736101
1987	0.2070651436
1988	0.2070558319
1989	0.2070543694
1990	0.207040583
1991	0.2070226457
1992	0.2070149902
1993	0.2069987564
1994	0.2069924776
1995	0.2069738959
1996	0.2069629244
1997	0.2069525113
1998	0.2069377957
1999	0.2069203887
2000	0.2069052243
2001	0.2068919188
2002	0.2068799124
2003	0.2068712075
2004	0.206858816
2005	0.2068468232
2006	0.2068347563
2007	0.2068242952
2008	0.206811852
2009	0.206796857
2010	0.2067794135
2011	0.2067660547
2012	0.2067510106
2013	0.2067388464
2014	0.2067247088
2015	0.2067046934
2016	0.2066896894
2017	0.2066780047
2018	0.206670115
2019	0.2066500789
2020	0.206637589
2021	0.2066303749
2022	0.2066239736
2023	0.2066133356
2024	0.2066130237
2025	0.2066048617
2026	0.2065880861
2027	0.206578584
2028	0.2065717774
2029	0.2065579717
2030	0.206540826
2031	0.2065315139
2032	0.2065210304
2033	0.2065092806
2034	0.2065005154
2035	0.2064861175
2036	0.2064726706
2037	0.2064603615
2038	0.2064530438
2039	0.2064526819
2040	0.2064399054
2041	0.2064307795
2042	0.2064249524
2043	0.2064076114
2044	0.2064074004
2045	0.2063977625
2046	0.2063856075
2047	0.2063753503
2048	0.2063632869
2049	0.2063571507
2050	0.2063415287
2051	0.2063412893
2052	0.2063279387
2053	0.2063136354
2054	0.2063130702
2055	0.2063054181
2056	0.2062912538
2057	0.206290979
2058	0.2062716335
2059	0.2062569912
2060	0.2062476441
2061	0.2062409428
2062	0.2062293265
2063	0.2062202608
2064	0.2062093973
2065	0.2062005435
2066	0.2061937474
2067	0.2061819459
2068	0.2061720919
2069	0.2061645345
2070	0.206155597
2071	0.2061437043
2072	0.2061347671
2073	0.2061193699
2074	0.206118899
2075	0.2061114342
2076	0.2061005877
2077	0.2060949173
2078	0.2060801347
2079	0.2060732549
2080	0.2060574371
2081	0.2060523239
2082	0.2060419903
2083	0.2060273575
2084	0.2060126952
2085	0.2060009865
2086	0.2059907314
2087	0.20598207
2088	0.2059624393
2089	0.2059490457
2090	0.2059371011
2091	0.2059263854
2092	0.2059140294
2093	0.2059042185
2094	0.2058916371
2095	0.2058770817
2096	0.2058555447
2097	0.205844303
2098	0.2058337482
2099	0.2058238649
2100	0.2058109232
2101	0.2058015497
2102	0.2057887399
2103	0.2057773601
2104	0.2057697381
2105	0.2057599274
2106	0.2057597385
2107	0.2057547916
2108	0.2057507671
2109	0.2057398686
2110	0.2057277836
2111	0.2057118614
2112	0.2056979154
2113	0.2056812949
2114	0.2056709565
2115	0.2056512702
2116	0.2056342298
2117	0.2056338615
2118	0.2056280464
2119	0.2056275469
2120	0.2056114012
2121	0.2055951487
2122	0.2055770821
2123	0.2055668122
2124	0.2055536748
2125	0.2055406954
2126	0.2055331991
2127	0.2055141609
2128	0.2055020011
2129	0.2054874042
2130	0.2054733389
2131	0.2054636443
2132	0.2054539671
2133	0.2054361049
2134	0.2054262858
2135	0.2054060724
2136	0.2053894152
2137	0.2053821714
2138	0.2053664834
2139	0.2053569226
2140	0.2053426486
2141	0.2053329315
2142	0.2053216429
2143	0.2053095654
2144	0.2053091783
2145	0.2053018752
2146	0.2052886401
2147	0.2052823324
2148	0.2052750976
2149	0.2052675764
2150	0.2052524091
2151	0.2052513304
2152	0.205239137
2153	0.205226232
2154	0.2052204338
2155	0.2052076194
2156	0.2051947702
2157	0.2051892098
2158	0.205176259
2159	0.2051691409
2160	0.2051620559
2161	0.2051551304
2162	0.2051417636
2163	0.2051307879
2164	0.2051211611
2165	0.2051137971
2166	0.2051135231
2167	0.2050996064
2168	0.205088868
2169	0.2050799333
2170	0.2050660044
2171	0.2050497976
2172	0.2050401434
2173	0.2050246277
2174	0.2050148968
2175	0.2050025053
2176	0.2049929222
2177	0.2049818881
2178	0.204964815
2179	0.2049513801
2180	0.2049357053
2181	0.2049351105
2182	0.2049270376
2183	0.2049146271
2184	0.2049035078
2185	0.2048927346
2186	0.2048757209
2187	0.2048743612
2188	0.204858534
2189	0.204847141
2190	0.204840025
2191	0.2048318002
2192	0.2048193935
2193	0.2048014888
2194	0.2047882799
2195	0.2047830327
2196	0.2047753543
2197	0.2047645539
2198	0.2047563221
2199	0.2047358011
2200	0.2047235519
2201	0.2047102976
2202	0.2046986062
2203	0.2046837629
2204	0.20467047
2205	0.2046543733
2206	0.2046420044
2207	0.2046309378
2208	0.2046077106
2209	0.2046000068
2210	0.204586178
2211	0.2045755905
2212	0.2045652404
2213	0.2045522162
2214	0.2045379864
2215	0.2045300984
2216	0.2045214893
2217	0.2045078136
2218	0.2044987695
2219	0.2044804384
2220	0.2044640716
2221	0.204446047
2222	0.2044412838
2223	0.2044308471
2224	0.2044306335
2225	0.2044303425
2226	0.2044200292
2227	0.2044108665
2228	0.2044010093
2229	0.2043869273
2230	0.2043755635
2231	0.2043646288
2232	0.2043478478
2233	0.2043340503
2234	0.2043205411
2235	0.204304856
2236	0.2042930626
2237	0.2042770724
2238	0.2042643303
2239	0.2042537105
2240	0.2042384688
2241	0.2042234956
2242	0.2042166022
2243	0.2042128167
2244	0.2042061452
2245	0.2042059942
2246	0.2041995754
2247	0.2041883672
2248	0.2041746118
2249	0.2041663308
2250	0.2041550329
2251	0.2041457461
2252	0.2041352394
2253	0.20411868
2254	0.204107442
2255	0.2040990427
2256	0.2040864139
2257	0.204072332
2258	0.2040608268
2259	0.2040521173
2260	0.2040407926
2261	0.2040275975
2262	0.2040177566
2263	0.2040018371
2264	0.2039900036
2265	0.203979848
2266	0.2039636405
2267	0.2039474894
2268	0.2039334358
2269	0.2039220314
2270	0.2039112853
2271	0.2039052144
2272	0.203892506
2273	0.2038836072
2274	0.2038716258
2275	0.2038603761
2276	0.2038460365
2277	0.2038337037
2278	0.2038203061
2279	0.2038061482
2280	0.2037938374
2281	0.2037813668
2282	0.2037720168
2283	0.2037715365
2284	0.2037652891
2285	0.2037553228
2286	0.2037398537
2287	0.2037235647
2288	0.2037091232
2289	0.2037026864
2290	0.2036919245
2291	0.2036750587
2292	0.203666988
2293	0.2036539964
2294	0.2036392504
2295	0.2036250409
2296	0.2036154199
2297	0.2036032145
2298	0.2036024599
2299	0.2035885358
2300	0.2035882898
2301	0.20357412
2302	0.2035631883
2303	0.2035495796
2304	0.2035374863
2305	0.2035271784
2306	0.2035077145
2307	0.2034960975
2308	0.2034867208
2309	0.2034696312
2310	0.2034530032
2311	0.2034353467
2312	0.203427174
2313	0.2034093044
2314	0.2034014956
2315	0.203389168
2316	0.2033699958
2317	0.2033567764
2318	0.2033445917
2319	0.2033364499
2320	0.2033263245
2321	0.2033090843
2322	0.2033026706
2323	0.2032894491
2324	0.2032766313
2325	0.2032705052
2326	0.2032539489
2327	0.2032467805
2328	0.2032346973
2329	0.2032242336
2330	0.2032155193
2331	0.203205044
2332	0.2031903625
2333	0.203178947
2334	0.2031673198
2335	0.2031477704
2336	0.2031353882
2337	0.2031213753
2338	0.2031127006
2339	0.2031023527
2340	0.2030881889
2341	0.2030816779
2342	0.203064858
2343	0.2030513988
2344	0.2030384438
2345	0.2030195109
2346	0.2030018518
2347	0.2029848764
2348	0.2029797378
2349	0.2029672821
2350	0.2029544685
2351	0.2029374649
2352	0.2029307819
2353	0.2029157221
2354	0.2029154065
2355	0.2029046391
2356	0.2028994321
2357	0.2028874178
2358	0.202874528
2359	0.2028639188
2360	0.202852334
2361	0.2028407173
2362	0.2028259021
2363	0.2028113458
2364	0.2028009633
2365	0.2027866007
2366	0.2027770802
2367	0.2027649242
2368	0.2027575722
2369	0.2027491839
2370	0.2027360164
2371	0.202726371
2372	0.2027163903
2373	0.202707753
2374	0.2026974096
2375	0.2026971552
2376	0.2026911312
2377	0.2026843751
2378	0.2026688092
2379	0.2026612322
2380	0.202648277
2381	0.2026417587
2382	0.202628532
2383	0.2026142276
2384	0.2026097263
2385	0.2026059578
2386	0.2025976031
2387	0.2025875761
2388	0.2025726778
2389	0.2025578595
2390	0.2025438594
2391	0.2025336825
2392	0.2025214931
2393	0.2025025684
2394	0.202489609
2395	0.2024809433
2396	0.2024723846
2397	0.2024598772
2398	0.2024509637
2399	0.2024469557
2400	0.2024336674
2401	0.2024222272
2402	0.2024078161
2403	0.2023965661
2404	0.2023774056
2405	0.20236659
2406	0.2023543992
2407	0.2023541238
2408	0.2023506483
2409	0.2023436902
2410	0.2023353525
2411	0.2023229253
2412	0.2023087821
2413	0.2022983005
2414	0.2022866063
2415	0.2022790491
2416	0.2022693295
2417	0.2022485191
2418	0.2022334066
2419	0.2022234025
2420	0.2022094327
2421	0.2022041215
2422	0.2021950219
2423	0.2021886098
2424	0.2021769951
2425	0.2021669626
2426	0.202155667
2427	0.2021515986
2428	0.2021384269
2429	0.2021304424
2430	0.2021165501
2431	0.2021075317
2432	0.2020953518
2433	0.2020890224
2434	0.2020849382
2435	0.2020770976
2436	0.2020626638
2437	0.202048644
2438	0.2020366821
2439	0.2020270005
2440	0.2020176724
2441	0.2020032495
2442	0.2019962301
2443	0.2019787604
2444	0.2019646179
2445	0.2019533186
2446	0.2019471774
2447	0.2019438346
2448	0.2019276937
2449	0.2019069756
2450	0.2018907798
2451	0.2018830805
2452	0.2018711752
2453	0.2018665862
2454	0.2018659221
2455	0.2018501245
2456	0.2018329572
2457	0.2018246747
2458	0.2018087075
2459	0.2017927185
2460	0.201788517
2461	0.2017812213
2462	0.2017802172
2463	0.2017624092
2464	0.2017506054
2465	0.2017326999
2466	0.2017249449
2467	0.2017148625
2468	0.2017015742
2469	0.2016907584
2470	0.2016851921
2471	0.2016729861
2472	0.2016642176
2473	0.2016499657
2474	0.2016294147
2475	0.2016191217
2476	0.2015992939
2477	0.2015914182
2478	0.2015786028
2479	0.2015714582
2480	0.2015627292
2481	0.2015496436
2482	0.2015334556
2483	0.2015270788
2484	0.2015248413
2485	0.2015236848
2486	0.2015055581
2487	0.2014978346
2488	0.2014975905
2489	0.2014889904
2490	0.2014832842
2491	0.2014729061
2492	0.2014676006
2493	0.2014507256
2494	0.2014362033
2495	0.2014292373
2496	0.201416242
2497	0.2014099643
2498	0.2013992624
2499	0.2013884046
2500	0.2013686681
2501	0.2013557491
2502	0.2013463281
2503	0.2013393241
2504	0.2013283765
2505	0.2013130249
2506	0.201300874
2507	0.201286438
2508	0.2012777682
2509	0.2012657555
2510	0.2012568477
2511	0.2012470956
2512	0.2012354414
2513	0.2012224778
2514	0.2012121883
2515	0.2012095068
2516	0.2011969858
2517	0.2011817985
2518	0.2011714201
2519	0.2011602881
2520	0.2011508032
2521	0.2011368529
2522	0.2011235383
2523	0.2011231506
2524	0.2011121821
2525	0.2011051196
2526	0.201101442
2527	0.2010901749
2528	0.2010843399
2529	0.2010741487
2530	0.2010621169
2531	0.2010457319
2532	0.2010375449
2533	0.2010272819
2534	0.2010128255
2535	0.2010050532
2536	0.2009959421
2537	0.2009766944
2538	0.2009643511
2539	0.2009641164
2540	0.2009482966
2541	0.2009297554
2542	0.200917042
2543	0.2009016595
2544	0.200889917
2545	0.2008759097
2546	0.2008563621
2547	0.2008403905
2548	0.2008401341
2549	0.2008295481
2550	0.2008236179
2551	0.2008183697
2552	0.2008111604
2553	0.2008019553
2554	0.2007910503
2555	0.200790823
2556	0.2007717222
2557	0.200761647
2558	0.2007613307
2559	0.2007505677
2560	0.2007503732
2561	0.2007400981
2562	0.2007393461
2563	0.2007289425
2564	0.2007207811
2565	0.2006996926
2566	0.2006888159
2567	0.2006790164
2568	0.2006709331
2569	0.2006608923
2570	0.2006501969
2571	0.2006362034
2572	0.2006211556
2573	0.2006066956
2574	0.2005958454
2575	0.2005815057
2576	0.2005671422
2577	0.2005580037
2578	0.200549394
2579	0.2005377121
2580	0.2005255264
2581	0.2005092199
2582	0.2005041294
2583	0.2004935255
2584	0.2004837367
2585	0.2004704989
2586	0.2004650125
2587	0.2004507037
2588	0.2004430653
2589	0.2004353894
2590	0.2004195032
2591	0.2004043286
2592	0.2003972
2593	0.2003891674
2594	0.2003791126
2595	0.2003703821
2596	0.2003577934
2597	0.2003457348
2598	0.200336133
2599	0.20032639
2600	0.2003154716
2601	0.2003094271
2602	0.2002959577
2603	0.2002957458
2604	0.2002835728
2605	0.2002833671
2606	0.2002711441
2607	0.2002709375
2608	0.2002592564
2609	0.2002475511
2610	0.2002300102
2611	0.2002225416
2612	0.2002064967
2613	0.2001991445
2614	0.2001871664
2615	0.2001763178
2616	0.2001683238
2617	0.2001563092
2618	0.2001560182
2619	0.2001479374
2620	0.2001477286
2621	0.2001337153
2622	0.2001174603
2623	0.2001070614
2624	0.2000962575
2625	0.2000806548
2626	0.2000781245
2627	0.2000649562
2628	0.2000571526
2629	0.2000449717
2630	0.2000349699
2631	0.2000236775
2632	0.2000119743
2633	0.2000005129
2634	0.1999922107
2635	0.1999822699
2636	0.1999702558
2637	0.1999561077
2638	0.1999501807
2639	0.1999435672
2640	0.1999322937
2641	0.1999231325
2642	0.1999082513
2643	0.1998929192
2644	0.1998796423
2645	0.1998700385
2646	0.1998698237
2647	0.1998584055
2648	0.1998454989
2649	0.1998318371
2650	0.1998276418
2651	0.1998269897
2652	0.1998143488
2653	0.1998138847
2654	0.1998028861
2655	0.1997900987
2656	0.199778817
2657	0.1997654402
2658	0.1997546176
2659	0.1997416676
2660	0.1997265788
2661	0.1997161788
2662	0.1997022576
2663	0.1996910883
2664	0.1996840738
2665	0.1996726641
2666	0.1996645779
2667	0.1996526144
2668	0.199643659
2669	0.1996342207
2670	0.1996276629
2671	0.1996223035
2672	0.1996106506
2673	0.1995963109
2674	0.1995887653
2675	0.1995756335
2676	0.1995657163
2677	0.1995513388
2678	0.1995404271
2679	0.1995273913
2680	0.1995181085
2681	0.199507822
2682	0.1994986637
2683	0.1994853209
2684	0.1994730751
2685	0.1994619696
2686	0.1994540781
2687	0.199439216
2688	0.1994235938
2689	0.1994234089
2690	0.1994101574
2691	0.1993945561
2692	0.199394318
2693	0.1993832511
2694	0.1993821105
2695	0.1993731983
2696	0.1993572607
2697	0.1993459925
2698	0.1993338209
2699	0.1993196736
2700	0.1993050839
2701	0.1992940288
2702	0.1992731319
2703	0.1992581978
2704	0.1992463917
2705	0.1992322016
2706	0.1992128425
2707	0.1992061921
2708	0.1991958237
2709	0.1991836087
2710	0.1991782854
2711	0.1991718582
2712	0.1991544918
2713	0.1991469818
2714	0.1991340428
2715	0.1991208328
2716	0.1991083947
2717	0.1990976234
2718	0.1990911125
2719	0.199079638
2720	0.1990653061
2721	0.1990541838
2722	0.1990438124
2723	0.1990336057
2724	0.1990159782
2725	0.1990063013
2726	0.1989941675
2727	0.1989823275
2728	0.1989720838
2729	0.1989639262
2730	0.198957184
2731	0.1989399365
2732	0.1989294523
2733	0.1989289864
2734	0.1989184655
2735	0.198913021
2736	0.1989026648
2737	0.1989024243
2738	0.1988899548
2739	0.1988770823
2740	0.1988698025
2741	0.1988559872
2742	0.1988403955
2743	0.1988345675
2744	0.1988267037
2745	0.1988159279
2746	0.1988131388
2747	0.1988125624
2748	0.1988014577
2749	0.198789894
2750	0.1987771328
2751	0.19876856
2752	0.1987640925
2753	0.1987564378
2754	0.1987450575
2755	0.198737905
2756	0.1987253584
2757	0.1987144832
2758	0.1987070213
2759	0.1987066721
2760	0.1986984104
2761	0.198687719
2762	0.1986783907
2763	0.1986653442
2764	0.1986480813
2765	0.1986336101
2766	0.1986182449
2767	0.1986081525
2768	0.1986014528
2769	0.1985905997
2770	0.1985832327
2771	0.1985729011
2772	0.1985493628
2773	0.1985455272
2774	0.1985328635
2775	0.1985192727
2776	0.1985099799
2777	0.1985030469
2778	0.1984889125
2779	0.1984762378
2780	0.1984646864
2781	0.1984497252
2782	0.1984393704
2783	0.1984261903
2784	0.1984136411
2785	0.1983999165
2786	0.1983875838
2787	0.1983820861
2788	0.1983715869
2789	0.1983641872
2790	0.1983568895
2791	0.1983462605
2792	0.1983455608
2793	0.1983355396
2794	0.1983251739
2795	0.1983166286
2796	0.1982951732
2797	0.1982845218
2798	0.1982702745
2799	0.1982646263
2800	0.1982547207
2801	0.1982378351
2802	0.1982293475
2803	0.1982165182
2804	0.1982116721
2805	0.1981977072
2806	0.1981867474
2807	0.1981718496
2808	0.1981650101
2809	0.1981558781
2810	0.1981462092
2811	0.1981345878
2812	0.1981295214
2813	0.1981163413
2814	0.1981099209
2815	0.198095265
2816	0.1980936996
2817	0.198084769
2818	0.1980709363
2819	0.1980538396
2820	0.1980533001
2821	0.1980406503
2822	0.1980307572
2823	0.1980219476
2824	0.1980210231
2825	0.1980058888
2826	0.1979985715
2827	0.1979837755
2828	0.1979679499
2829	0.1979571913
2830	0.1979416613
2831	0.1979357736
2832	0.197923375
2833	0.1979122529
2834	0.1978967313
2835	0.197890423
2836	0.1978774118
2837	0.1978678368
2838	0.1978600457
2839	0.1978433462
2840	0.1978294008
2841	0.1978120394
2842	0.197793887
2843	0.1977845208
2844	0.1977747221
2845	0.1977669795
2846	0.1977596461
2847	0.1977487685
2848	0.197740442
2849	0.1977274308
2850	0.1977098595
2851	0.1977011158
2852	0.1976860926
2853	0.1976777476
2854	0.1976673097
2855	0.1976548434
2856	0.1976427232
2857	0.1976319786
2858	0.1976239194
2859	0.1976204575
2860	0.1976150215
2861	0.1976094275
2862	0.1976000194
2863	0.1975886092
2864	0.197574204
2865	0.1975654901
2866	0.1975577378
2867	0.1975512466
2868	0.197537914
2869	0.1975272337
2870	0.1975162732
2871	0.1975014486
2872	0.197493173
2873	0.1974803562
2874	0.1974742875
2875	0.1974627104
2876	0.1974515548
2877	0.1974446253
2878	0.197428337
2879	0.1974186886
2880	0.1974044019
2881	0.197391332
2882	0.1973766347
2883	0.1973697321
2884	0.197358898
2885	0.1973435329
2886	0.1973338646
2887	0.1973151747
2888	0.1973081978
2889	0.1972968246
2890	0.1972835855
2891	0.1972618524
2892	0.1972536775
2893	0.1972442326
2894	0.1972368932
2895	0.1972251511
2896	0.1972124957
2897	0.1972060969
2898	0.1971924482
2899	0.1971779785
2900	0.1971665807
2901	0.1971528489
2902	0.1971458136
2903	0.1971280457
2904	0.1971133263
2905	0.1970967218
2906	0.1970825864
2907	0.197078178
2908	0.197070486
2909	0.1970590385
2910	0.1970548729
2911	0.1970411934
2912	0.1970334664
2913	0.1970223837
2914	0.1970074982
2915	0.196995618
2916	0.1969711865
2917	0.1969637551
2918	0.1969548267
2919	0.1969433598
2920	0.1969274517
2921	0.1969135303
2922	0.1968985815
2923	0.1968896008
2924	0.1968778849
2925	0.1968682652
2926	0.1968598105
2927	0.1968436659
2928	0.1968365234
2929	0.1968285502
2930	0.1968153707
2931	0.1968050772
2932	0.1967909023
2933	0.1967821163
2934	0.19677026
2935	0.1967623028
2936	0.1967498221
2937	0.1967367837
2938	0.1967246013
2939	0.1967088642
2940	0.196699507
2941	0.1966962596
2942	0.1966838335
2943	0.1966725113
2944	0.1966636794
2945	0.1966568037
2946	0.1966454892
2947	0.1966390717
2948	0.1966312378
2949	0.1966201165
2950	0.1966057422
2951	0.1965918554
2952	0.1965820332
2953	0.196564176
2954	0.1965514903
2955	0.1965512722
2956	0.1965399508
2957	0.1965303732
2958	0.196522408
2959	0.1965156167
2960	0.1965040232
2961	0.1965038398
2962	0.1964907299
2963	0.1964790758
2964	0.1964692179
2965	0.1964653925
2966	0.1964582528
2967	0.1964494044
2968	0.1964330374
2969	0.1964247197
2970	0.196416586
2971	0.1964007025
2972	0.1964004823
2973	0.1963859749
2974	0.1963765793
2975	0.1963659247
2976	0.1963550947
2977	0.1963435338
2978	0.1963318851
2979	0.1963125241
2980	0.196294759
2981	0.1962798809
2982	0.1962621922
2983	0.1962498948
2984	0.1962363588
2985	0.1962251779
2986	0.1962157334
2987	0.1962087048
2988	0.1962036365
2989	0.1961883913
2990	0.1961793803
2991	0.1961710978
2992	0.1961557699
2993	0.1961492298
2994	0.1961313906
2995	0.1961176551
2996	0.1961115184
2997	0.1961054618
2998	0.1960889535
2999	0.196078344
3000	0.1960696984
3001	0.1960604992
3002	0.1960487108
3003	0.1960403755
3004	0.1960301648
3005	0.1960238785
3006	0.1960071644
3007	0.1959942143
3008	0.1959830972
3009	0.1959725271
3010	0.1959635818
3011	0.1959490698
3012	0.1959421999
3013	0.1959340383
3014	0.195923721
3015	0.1959166292
3016	0.1959037486
3017	0.1958879466
3018	0.1958842581
3019	0.1958671357
3020	0.1958560367
3021	0.1958392734
3022	0.1958280971
3023	0.1958177604
3024	0.1958067852
3025	0.1957992519
3026	0.1957859895
3027	0.1957791053
3028	0.1957675855
3029	0.1957596177
3030	0.1957495139
3031	0.1957355258
3032	0.1957204842
3033	0.1957076326
3034	0.1956990458
3035	0.1956892579
3036	0.195671955
3037	0.1956604862
3038	0.195647129
3039	0.1956384104
3040	0.1956299161
3041	0.1956198997
3042	0.1956151394
3043	0.1956070614
3044	0.1955937007
3045	0.1955775433
3046	0.1955640674
3047	0.1955524487
3048	0.1955413722
3049	0.1955283901
3050	0.1955158463
3051	0.1955038586
3052	0.1954977817
3053	0.1954819429
3054	0.1954703448
3055	0.195450954
3056	0.1954336986
3057	0.1954216877
3058	0.1954133232
3059	0.1954053016
3060	0.195387528
3061	0.195382142
3062	0.1953726945
3063	0.1953667521
3064	0.1953550573
3065	0.1953449452
3066	0.1953280964
3067	0.1953186137
3068	0.1953095571
3069	0.1952972401
3070	0.1952907256
3071	0.1952822531
3072	0.1952819133
3073	0.1952708658
3074	0.1952646865
3075	0.1952514987
3076	0.1952367108
3077	0.195230487
3078	0.1952170333
3079	0.1952037527
3080	0.1951955836
3081	0.1951837065
3082	0.195176558
3083	0.1951673804
3084	0.1951566285
3085	0.1951486315
3086	0.1951417509
3087	0.1951308744
3088	0.1951265459
3089	0.1951169246
3090	0.1951033066
3091	0.1950918848
3092	0.1950829108
3093	0.195076292
3094	0.1950704619
3095	0.1950588859
3096	0.1950327634
3097	0.1950265155
3098	0.1950167794
3099	0.1950063176
3100	0.1949968344
3101	0.1949856058
3102	0.1949727082
3103	0.1949682238
3104	0.194961598
3105	0.1949511044
3106	0.1949405339
3107	0.1949332583
3108	0.194917815
3109	0.1949053995
3110	0.194900548
3111	0.1948976037
3112	0.1948911981
3113	0.1948785213
3114	0.194865326
3115	0.1948534285
3116	0.1948428596
3117	0.1948269677
3118	0.1948178032
3119	0.1948101393
3120	0.1947902786
3121	0.1947799166
3122	0.194762317
3123	0.1947453345
3124	0.1947315744
3125	0.1947187467
3126	0.1947116806
3127	0.1947011542
3128	0.1946879473
3129	0.1946807741
3130	0.1946709959
3131	0.1946556346
3132	0.1946466823
3133	0.1946398202
3134	0.1946248299
3135	0.1946200724
3136	0.1946090781
3137	0.1946018301
3138	0.1945882321
3139	0.1945784105
3140	0.1945725473
3141	0.1945612633
3142	0.1945512475
3143	0.1945387933
3144	0.1945313145
3145	0.1945133088
3146	0.1944968508
3147	0.1944865406
3148	0.1944739336
3149	0.1944643125
3150	0.1944494125
3151	0.1944491187
3152	0.1944417583
3153	0.1944333552
3154	0.1944303796
3155	0.194422943
3156	0.1944128676
3157	0.1944030224
3158	0.1943913991
3159	0.1943795229
3160	0.1943792372
3161	0.1943704473
3162	0.1943630204
3163	0.1943446889
3164	0.1943346088
3165	0.1943235666
3166	0.1943144356
3167	0.1942989843
3168	0.1942917919
3169	0.1942849394
3170	0.194272561
3171	0.1942633587
3172	0.1942546495
3173	0.1942455004
3174	0.1942333535
3175	0.1942243212
3176	0.1942113452
3177	0.1942015432
3178	0.1941920211
3179	0.1941802511
3180	0.1941717352
3181	0.194163459
3182	0.1941549817
3183	0.1941453536
3184	0.1941313454
3185	0.1941215971
3186	0.1941147651
3187	0.1940999228
3188	0.1940895177
3189	0.1940779392
3190	0.1940672448
3191	0.1940556754
3192	0.194042552
3193	0.194030317
3194	0.1940194681
3195	0.1940126696
3196	0.1940052167
3197	0.1940004331
3198	0.193985968
3199	0.1939856044
3200	0.1939770407
3201	0.193976538
3202	0.1939662371
3203	0.193956841
3204	0.1939479719
3205	0.1939355793
3206	0.1939244998
3207	0.1939133979
3208	0.193896618
3209	0.1938856912
3210	0.1938807833
3211	0.1938788898
3212	0.1938710723
3213	0.1938652038
3214	0.1938543529
3215	0.1938458279
3216	0.1938357225
3217	0.1938224053
3218	0.1938074566
3219	0.1937988404
3220	0.1937903531
3221	0.1937792864
3222	0.1937611146
3223	0.1937538933
3224	0.1937426808
3225	0.1937265013
3226	0.193713978
3227	0.1937047012
3228	0.1936940104
3229	0.1936869846
3230	0.1936866545
3231	0.193678508
3232	0.1936682222
3233	0.1936605935
3234	0.1936455611
3235	0.1936352477
3236	0.1936220494
3237	0.1936105691
3238	0.1936012588
3239	0.1935959431
3240	0.1935785106
3241	0.1935642834
3242	0.193548517
3243	0.1935400518
3244	0.1935308699
3245	0.19352446
3246	0.1935078854
3247	0.1934893115
3248	0.1934759619
3249	0.1934690383
3250	0.193460882
3251	0.1934524558
3252	0.1934417743
3253	0.193434669
3254	0.1934130563
3255	0.1934040144
3256	0.1933882976
3257	0.1933795987
3258	0.1933679485
3259	0.1933562822
3260	0.1933483245
3261	0.1933396175
3262	0.1933343482
3263	0.1933232006
3264	0.1933160204
3265	0.1933013588
3266	0.1932919001
3267	0.1932836874
3268	0.1932762593
3269	0.193266069
3270	0.1932530951
3271	0.1932452935
3272	0.193238601
3273	0.1932294268
3274	0.1932195559
3275	0.1932037096
3276	0.1931909736
3277	0.1931858251
3278	0.1931732619
3279	0.1931582756
3280	0.1931522676
3281	0.1931428048
3282	0.1931260646
3283	0.1931130089
3284	0.193104294
3285	0.1930978286
3286	0.1930931043
3287	0.1930855014
3288	0.19307787
3289	0.1930610007
3290	0.1930581714
3291	0.1930457288
3292	0.1930351354
3293	0.1930288161
3294	0.1930136528
3295	0.1930026915
3296	0.1929869039
3297	0.1929786349
3298	0.1929673521
3299	0.1929523345
3300	0.1929471066
3301	0.1929374081
3302	0.19292904
3303	0.1929222631
3304	0.192907299
3305	0.1928949222
3306	0.1928879048
3307	0.192878159
3308	0.1928712728
3309	0.1928654427
3310	0.1928540065
3311	0.1928462524
3312	0.1928331011
3313	0.1928179643
3314	0.1928117298
3315	0.1927997961
3316	0.1927842222
3317	0.1927718573
3318	0.1927637336
3319	0.192749603
3320	0.1927365087
3321	0.19273582
3322	0.1927272774
3323	0.1927122751
3324	0.1927036007
3325	0.1926944876
3326	0.1926830998
3327	0.1926677415
3328	0.1926539605
3329	0.1926479947
3330	0.192638829
3331	0.1926248719
3332	0.1926149154
3333	0.1926022001
3334	0.1925967122
3335	0.1925841069
3336	0.1925721055
3337	0.192566291
3338	0.1925542492
3339	0.1925518294
3340	0.192540206
3341	0.1925253849
3342	0.1925168938
3343	0.1925070661
3344	0.1924975463
3345	0.1924770311
3346	0.1924687159
3347	0.1924618656
3348	0.1924470856
3349	0.1924319912
3350	0.1924220072
3351	0.1924026766
3352	0.192393279
3353	0.1923862785
3354	0.1923782423
3355	0.1923722025
3356	0.19236475
3357	0.192358086
3358	0.1923451074
3359	0.1923351863
3360	0.1923258524
3361	0.1923212258
3362	0.1923077743
3363	0.1922968665
3364	0.1922859774
3365	0.1922753158
3366	0.1922651209
3367	0.1922579205
3368	0.1922412724
3369	0.1922299951
3370	0.1922188929
3371	0.1922072418
3372	0.1922022245
3373	0.192193102
3374	0.1921850446
3375	0.1921673342
3376	0.1921595422
3377	0.1921522031
3378	0.1921428666
3379	0.1921278219
3380	0.1921164059
3381	0.1921068757
3382	0.1921010716
3383	0.1920907615
3384	0.1920801018
3385	0.1920717118
3386	0.1920598959
3387	0.1920484832
3388	0.192039523
3389	0.192029573
3390	0.1920179637
3391	0.1920036709
3392	0.1919965402
3393	0.1919918278
3394	0.1919840125
3395	0.1919726733
3396	0.1919640086
3397	0.1919497182
3398	0.1919429106
3399	0.1919342589
3400	0.1919267416
3401	0.1919165837
3402	0.1919092085
3403	0.1918966011
3404	0.1918839486
3405	0.1918750547
3406	0.191874698
3407	0.1918685338
3408	0.1918601023
3409	0.1918500783
3410	0.1918405543
3411	0.1918302691
3412	0.1918098163
3413	0.1918026961
3414	0.1917931885
3415	0.1917929752
3416	0.1917817266
3417	0.1917669199
3418	0.1917571434
3419	0.1917382059
3420	0.1917322009
3421	0.1917243844
3422	0.1917102242
3423	0.1916991505
3424	0.191683101
3425	0.1916725586
3426	0.1916653228
3427	0.1916495415
3428	0.1916340865
3429	0.1916250436
3430	0.191603865
3431	0.1915928801
3432	0.1915820734
3433	0.1915693876
3434	0.1915630661
3435	0.1915570966
3436	0.1915446106
3437	0.1915367654
3438	0.1915250988
3439	0.1915060772
3440	0.1914998047
3441	0.1914836578
3442	0.1914731218
3443	0.1914638902
3444	0.1914496411
3445	0.1914450168
3446	0.1914326253
3447	0.1914267371
3448	0.1914142272
3449	0.1914060486
3450	0.1913948913
3451	0.1913845186
3452	0.1913812336
3453	0.1913738844
3454	0.1913686092
3455	0.1913464592
3456	0.1913388882
3457	0.1913291957
3458	0.1913200685
3459	0.1913016747
3460	0.1912910524
3461	0.1912755005
3462	0.1912573584
3463	0.1912446889
3464	0.1912420512
3465	0.1912333585
3466	0.1912267374
3467	0.1912235602
3468	0.1912069102
3469	0.1912019885
3470	0.1911933724
3471	0.1911815068
3472	0.1911711883
3473	0.1911582401
3474	0.1911547939
3475	0.1911435007
3476	0.1911371924
3477	0.1911328195
3478	0.191123163
3479	0.1911121115
3480	0.1911010456
3481	0.1910889197
3482	0.1910764771
3483	0.1910697872
3484	0.1910575623
3485	0.1910454226
3486	0.1910329304
3487	0.1910242466
3488	0.1910179859
3489	0.1910061811
3490	0.1909949872
3491	0.1909839339
3492	0.1909780526
3493	0.1909664818
3494	0.190959283
3495	0.1909483561
3496	0.1909423827
3497	0.190926139
3498	0.1909204435
3499	0.1909156048
3500	0.1909014607
3501	0.1908924725
3502	0.1908839179
3503	0.1908761674
3504	0.1908606771
3505	0.1908456343
3506	0.190832598
3507	0.1908271658
3508	0.1908196785
3509	0.1908051115
3510	0.190797267
3511	0.190795871
3512	0.1907851535
3513	0.1907772022
3514	0.1907658574
3515	0.1907538141
3516	0.1907489033
3517	0.1907301159
3518	0.1907247646
3519	0.1907119729
3520	0.190707146
3521	0.1906925496
3522	0.1906857857
3523	0.1906747866
3524	0.1906670252
3525	0.1906593095
3526	0.1906543218
3527	0.1906476868
3528	0.1906404197
3529	0.1906304266
3530	0.1906223578
3531	0.1906115311
3532	0.1906036374
3533	0.1905851822
3534	0.1905779163
3535	0.1905637971
3536	0.1905531578
3537	0.1905477637
3538	0.1905363143
3539	0.1905236273
3540	0.1905152756
3541	0.1905033224
3542	0.1904942282
3543	0.1904859321
3544	0.1904740035
3545	0.1904649141
3546	0.1904560576
3547	0.1904437491
3548	0.1904340471
3549	0.1904190946
3550	0.1904068349
3551	0.1903994201
3552	0.1903950099
3553	0.1903819645
3554	0.1903772009
3555	0.1903680564
3556	0.1903600965
3557	0.1903507516
3558	0.1903407781
3559	0.1903319874
3560	0.1903220293
3561	0.1903110766
3562	0.1902968554
3563	0.1902966631
3564	0.1902885854
3565	0.1902772886
3566	0.1902630894
3567	0.1902537222
3568	0.1902442021
3569	0.1902354304
3570	0.1902184978
3571	0.1902108937
3572	0.1901998614
3573	0.1901844038
3574	0.1901677469
3575	0.1901631638
3576	0.1901482619
3577	0.1901412448
3578	0.1901281432
3579	0.1901175184
3580	0.1901096922
3581	0.1901001082
3582	0.1900837092
3583	0.1900708513
3584	0.1900612802
3585	0.1900454775
3586	0.1900383801
3587	0.1900289023
3588	0.1900158072
3589	0.1900076245
3590	0.1899980758
3591	0.1899869772
3592	0.1899709488
3593	0.1899533963
3594	0.1899501724
3595	0.1899373948
3596	0.1899245807
3597	0.18991747
3598	0.1898997588
3599	0.1898883888
3600	0.1898754937
3601	0.1898712302
3602	0.1898615139
3603	0.1898613353
3604	0.1898499228
3605	0.1898397744
3606	0.1898309013
3607	0.1898227006
3608	0.1898064838
3609	0.1897944356
3610	0.1897829723
3611	0.1897745441
3612	0.189769937
3613	0.1897607185
3614	0.1897524645
3615	0.1897402935
3616	0.1897292708
3617	0.1897227736
3618	0.1897182629
3619	0.1897066341
3620	0.1896981916
3621	0.1896913716
3622	0.1896835612
3623	0.1896725273
3624	0.1896611535
3625	0.1896539354
3626	0.1896428814
3627	0.1896306273
3628	0.1896191393
3629	0.1896006579
3630	0.1895933714
3631	0.1895876666
3632	0.189576962
3633	0.189567445
3634	0.189557332
3635	0.1895516135
3636	0.1895417251
3637	0.1895350629
3638	0.1895241667
3639	0.1895155076
3640	0.1895109913
3641	0.1894957963
3642	0.1894867869
3643	0.1894730944
3644	0.189459774
3645	0.1894493117
3646	0.1894427887
3647	0.1894370443
3648	0.1894328218
3649	0.1894224947
3650	0.1894146967
3651	0.1894059854
3652	0.1893933606
3653	0.1893884732
3654	0.1893772815
3655	0.1893610134
3656	0.1893492029
3657	0.1893392794
3658	0.1893278283
3659	0.1893211431
3660	0.1893156782
3661	0.1893083346
3662	0.1892879275
3663	0.189281076
3664	0.1892686426
3665	0.1892568905
3666	0.1892478859
3667	0.1892404439
3668	0.1892289027
3669	0.1892184759
3670	0.1892036037
3671	0.1891948005
3672	0.1891845561
3673	0.1891779404
3674	0.1891601242
3675	0.1891505934
3676	0.1891383316
3677	0.1891309575
3678	0.1891307037
3679	0.1891227693
3680	0.1891141721
3681	0.1891013311
3682	0.18909662
3683	0.1890878697
3684	0.1890767183
3685	0.1890644387
3686	0.189056154
3687	0.1890454461
3688	0.1890286586
3689	0.1890182129
3690	0.1890024357
3691	0.188997399
3692	0.188988343
3693	0.1889736311
3694	0.1889604658
3695	0.1889503987
3696	0.1889365429
3697	0.1889209144
3698	0.1889193295
3699	0.1889129627
3700	0.1888976702
3701	0.1888898762
3702	0.1888838669
3703	0.1888713898
3704	0.1888614607
3705	0.1888517231
3706	0.1888408587
3707	0.1888266057
3708	0.188813591
3709	0.1887995242
3710	0.188793903
3711	0.1887816515
3712	0.1887718174
3713	0.1887630703
3714	0.1887565721
3715	0.1887479942
3716	0.1887354178
3717	0.1887257767
3718	0.1887116353
3719	0.1887001626
3720	0.1886824281
3721	0.1886723669
3722	0.1886620506
3723	0.1886525864
3724	0.1886410793
3725	0.188633847
3726	0.1886236774
3727	0.1886096692
3728	0.1885992321
3729	0.1885882248
3730	0.18857625
3731	0.1885674184
3732	0.1885591787
3733	0.1885454277
3734	0.1885378177
3735	0.1885243836
3736	0.1885160006
3737	0.1885033725
3738	0.1884956869
3739	0.1884796499
3740	0.1884701458
3741	0.1884562759
3742	0.1884402598
3743	0.1884304067
3744	0.1884159661
3745	0.188409797
3746	0.188395787
3747	0.1883858661
3748	0.188371528
3749	0.1883671761
3750	0.1883544534
3751	0.1883469149
3752	0.1883417439
3753	0.1883320714
3754	0.1883220927
3755	0.1883087816
3756	0.1882982541
3757	0.188283927
3758	0.1882677568
3759	0.1882586397
3760	0.1882528161
3761	0.1882323099
3762	0.1882195025
3763	0.1882119781
3764	0.1882044149
3765	0.1881980041
3766	0.1881836589
3767	0.1881714274
3768	0.1881570096
3769	0.1881568561
3770	0.1881455656
3771	0.1881407897
3772	0.1881284369
3773	0.1881210077
3774	0.1881105218
3775	0.1881039665
3776	0.1880964982
3777	0.1880854592
3778	0.1880748994
3779	0.1880628675
3780	0.1880554654
3781	0.1880508525
3782	0.1880327333
3783	0.1880183023
3784	0.1880067423
3785	0.1879894933
3786	0.1879838173
3787	0.1879740174
3788	0.1879581141
3789	0.1879485338
3790	0.1879360851
3791	0.1879258466
3792	0.1879175667
3793	0.1879032611
3794	0.1878891359
3795	0.1878802953
3796	0.1878718071
3797	0.1878591302
3798	0.1878481796
3799	0.1878369457
3800	0.1878239013
3801	0.1878070424
3802	0.1877976549
3803	0.1877910291
3804	0.1877855994
3805	0.1877772138
3806	0.1877678809
3807	0.1877673502
3808	0.1877569982
3809	0.1877486487
3810	0.1877355242
3811	0.1877291024
3812	0.1877251836
3813	0.1877203898
3814	0.1877097206
3815	0.1877075945
3816	0.1876976394
3817	0.1876827783
3818	0.1876750363
3819	0.1876655577
3820	0.1876578353
3821	0.1876414519
3822	0.1876289307
3823	0.1876190349
3824	0.1876021386
3825	0.1875978116
3826	0.1875860006
3827	0.1875732081
3828	0.1875666273
3829	0.1875541677
3830	0.1875402709
3831	0.1875323996
3832	0.1875257083
3833	0.1875186465
3834	0.1875112501
3835	0.1875051259
3836	0.1874932766
3837	0.1874835619
3838	0.1874750518
3839	0.1874680081
3840	0.1874554183
3841	0.1874425553
3842	0.1874271656
3843	0.187421536
3844	0.1874125391
3845	0.1874024312
3846	0.1873889694
3847	0.1873812854
3848	0.1873759426
3849	0.1873649931
3850	0.1873536745
3851	0.1873441486
3852	0.1873375652
3853	0.1873311642
3854	0.1873234864
3855	0.1873152435
3856	0.1872959935
3857	0.1872907549
3858	0.1872812472
3859	0.1872695282
3860	0.1872624577
3861	0.1872508482
3862	0.187246697
3863	0.1872356448
3864	0.1872248296
3865	0.1872147917
3866	0.1872009569
3867	0.1871863443
3868	0.1871775038
3869	0.187165508
3870	0.1871490519
3871	0.1871358361
3872	0.1871229598
3873	0.187111931
3874	0.1870989555
3875	0.1870925522
3876	0.187086279
3877	0.1870821227
3878	0.187073974
3879	0.1870713394
3880	0.1870611185
3881	0.1870464227
3882	0.1870306957
3883	0.1870100299
3884	0.1870049997
3885	0.1869973321
3886	0.1869873728
3887	0.1869819473
3888	0.1869719884
3889	0.1869585069
3890	0.1869524744
3891	0.1869416651
3892	0.1869301554
3893	0.1869241348
3894	0.1869147097
3895	0.1869026991
3896	0.186893368
3897	0.1868861007
3898	0.1868760872
3899	0.1868622009
3900	0.1868537614
3901	0.1868374802
3902	0.18682729
3903	0.1868165062
3904	0.186804557
3905	0.1867948392
3906	0.1867832952
3907	0.1867719893
3908	0.1867601353
3909	0.1867541696
3910	0.1867464363
3911	0.1867393619
3912	0.1867322441
3913	0.1867253467
3914	0.1867150054
3915	0.1867004929
3916	0.1866859308
3917	0.1866798564
3918	0.1866694676
3919	0.1866617867
3920	0.1866525691
3921	0.186642714
3922	0.1866355835
3923	0.1866242752
3924	0.1866167789
3925	0.186605128
3926	0.1865980916
3927	0.1865878426
3928	0.1865780828
3929	0.1865687584
3930	0.1865607205
3931	0.1865494609
3932	0.1865380666
3933	0.1865241876
3934	0.1865140643
3935	0.1865035696
3936	0.186493271
3937	0.1864798679
3938	0.1864749797
3939	0.1864691892
3940	0.1864558764
3941	0.1864466215
3942	0.1864403309
3943	0.1864349251
3944	0.1864344836
3945	0.1864277963
3946	0.186418294
3947	0.1864030182
3948	0.1863948307
3949	0.1863816576
3950	0.1863650599
3951	0.1863562387
3952	0.1863429504
3953	0.1863290191
3954	0.1863224196
3955	0.1863150664
3956	0.186297186
3957	0.1862816511
3958	0.1862740877
3959	0.1862656801
3960	0.1862530839
3961	0.1862439691
3962	0.1862308547
3963	0.1862136173
3964	0.1862015796
3965	0.186189634
3966	0.1861731303
3967	0.1861661361
3968	0.1861561936
3969	0.1861454016
3970	0.186130652
3971	0.1861185496
3972	0.1861089643
3973	0.1860961911
3974	0.1860883394
3975	0.1860739336
3976	0.1860655039
3977	0.1860564968
3978	0.1860425574
3979	0.1860364411
3980	0.1860275332
3981	0.1860171647
3982	0.186008893
3983	0.1860011236
3984	0.1859901998
3985	0.1859836679
3986	0.1859765903
3987	0.1859669949
3988	0.1859596729
3989	0.1859543782
3990	0.1859485193
3991	0.185940577
3992	0.1859315743
3993	0.1859273075
3994	0.185914212
3995	0.1859082662
3996	0.1858937403
3997	0.1858863615
3998	0.1858719308
3999	0.1858606247
4000	0.1858532113
4001	0.1858446794
4002	0.1858325476
4003	0.1858200409
4004	0.1858115655
4005	0.1857961651
4006	0.1857891019
4007	0.1857838238
4008	0.1857777485
4009	0.1857601922
4010	0.1857490617
4011	0.185743743
4012	0.1857307666
4013	0.1857178469
4014	0.1857093043
4015	0.1857067821
4016	0.1856977327
4017	0.185692352
4018	0.1856788072
4019	0.1856698088
4020	0.1856581103
4021	0.1856511084
4022	0.1856370221
4023	0.1856260333
4024	0.1856138802
4025	0.1856062383
4026	0.1855952812
4027	0.1855824643
4028	0.1855704398
4029	0.1855571322
4030	0.185548957
4031	0.185536811
4032	0.1855366516
4033	0.1855274099
4034	0.1855225184
4035	0.1855117388
4036	0.1855025815
4037	0.1854919173
4038	0.1854730722
4039	0.1854634862
4040	0.1854506648
4041	0.1854406311
4042	0.1854341437
4043	0.1854206289
4044	0.18540833
4045	0.1854008962
4046	0.1854000025
4047	0.1853893857
4048	0.1853698079
4049	0.1853636662
4050	0.1853539233
4051	0.1853430398
4052	0.1853325422
4053	0.1853187525
4054	0.1853106176
4055	0.1853002161
4056	0.1852891678
4057	0.1852776103
4058	0.1852729311
4059	0.1852664357
4060	0.1852559557
4061	0.1852494182
4062	0.1852348474
4063	0.1852280318
4064	0.185216304
4065	0.1852057904
4066	0.1851925078
4067	0.1851863337
4068	0.1851775115
4069	0.1851706427
4070	0.1851639529
4071	0.1851530751
4072	0.1851460198
4073	0.1851457078
4074	0.1851381383
4075	0.1851276901
4076	0.1851221538
4077	0.1851146691
4078	0.1851047864
4079	0.1850997045
4080	0.1850875566
4081	0.1850811872
4082	0.1850692263
4083	0.1850610992
4084	0.1850477878
4085	0.1850383253
4086	0.1850342858
4087	0.1850235024
4088	0.1850164903
4089	0.1850105401
4090	0.1850039331
4091	0.1849972278
4092	0.1849891053
4093	0.18498209
4094	0.1849733894
4095	0.1849670068
4096	0.1849590317
4097	0.1849525751
4098	0.1849404458
4099	0.1849314918
4100	0.1849250033
4101	0.1849151853
4102	0.184903462
4103	0.1848931943
4104	0.1848866721
4105	0.184877241
4106	0.1848649362
4107	0.1848609793
4108	0.1848456607
4109	0.1848451622
4110	0.1848356881
4111	0.1848271499
4112	0.1848196799
4113	0.1848093023
4114	0.1847905219
4115	0.1847751163
4116	0.1847608603
4117	0.1847499118
4118	0.1847428356
4119	0.1847358066
4120	0.1847183962
4121	0.1847063061
4122	0.1846951548
4123	0.1846849359
4124	0.1846764223
4125	0.1846701394
4126	0.1846569996
4127	0.1846432272
4128	0.1846368536
4129	0.1846278338
4130	0.1846131743
4131	0.1846033272
4132	0.18459022
4133	0.1845858079
4134	0.1845817783
4135	0.1845695713
4136	0.1845557777
4137	0.1845467894
4138	0.1845385988
4139	0.1845238625
4140	0.1845236778
4141	0.1845110112
4142	0.1844997696
4143	0.1844990092
4144	0.1844904854
4145	0.1844763883
4146	0.1844657633
4147	0.1844529636
4148	0.1844450447
4149	0.1844388621
4150	0.1844311587
4151	0.1844223448
4152	0.1844121146
4153	0.1843945634
4154	0.184383643
4155	0.1843780312
4156	0.1843663284
4157	0.184351077
4158	0.1843449348
4159	0.1843368684
4160	0.1843291667
4161	0.1843170354
4162	0.1843062126
4163	0.1843008359
4164	0.1842868286
4165	0.184279678
4166	0.1842670797
4167	0.1842549533
4168	0.1842392841
4169	0.1842312605
4170	0.1842269172
4171	0.1842173215
4172	0.1842059264
4173	0.1841970684
4174	0.1841841071
4175	0.1841745967
4176	0.1841652811
4177	0.184155068
4178	0.184143447
4179	0.1841318599
4180	0.1841254948
4181	0.1841141173
4182	0.1841002304
4183	0.1840879853
4184	0.184079057
4185	0.1840715101
4186	0.1840623382
4187	0.1840522983
4188	0.1840445894
4189	0.184037934
4190	0.1840351493
4191	0.1840315669
4192	0.1840196009
4193	0.1840144502
4194	0.1840062041
4195	0.1839976983
4196	0.1839922406
4197	0.183987803
4198	0.1839868271
4199	0.1839820022
4200	0.1839661125
4201	0.1839554221
4202	0.1839467464
4203	0.1839410396
4204	0.1839294235
4205	0.1839183364
4206	0.1839055247
4207	0.1838977804
4208	0.1838862907
4209	0.1838814557
4210	0.1838722275
4211	0.1838626614
4212	0.1838508371
4213	0.1838424974
4214	0.1838332394
4215	0.1838238257
4216	0.183812513
4217	0.183805895
4218	0.1837877116
4219	0.1837812857
4220	0.1837723963
4221	0.1837622921
4222	0.1837487673
4223	0.1837358442
4224	0.1837242532
4225	0.1837152318
4226	0.1837083584
4227	0.1836976223
4228	0.1836899509
4229	0.1836749202
4230	0.1836640145
4231	0.1836550085
4232	0.1836454936
4233	0.183637479
4234	0.1836301609
4235	0.1836156807
4236	0.1836023257
4237	0.1835911564
4238	0.1835801589
4239	0.1835689252
4240	0.1835616952
4241	0.1835500315
4242	0.18354443
4243	0.1835339758
4244	0.1835285288
4245	0.1835197743
4246	0.1835088485
4247	0.1834970179
4248	0.1834854322
4249	0.1834736118
4250	0.1834668862
4251	0.1834552559
4252	0.1834454533
4253	0.1834351387
4254	0.1834303154
4255	0.1834194509
4256	0.1834062938
4257	0.1833908869
4258	0.183381601
4259	0.1833702962
4260	0.1833649682
4261	0.183356808
4262	0.1833501949
4263	0.1833455217
4264	0.1833423134
4265	0.1833354075
4266	0.1833351617
4267	0.1833200066
4268	0.1833086916
4269	0.1832993457
4270	0.1832902594
4271	0.183285368
4272	0.1832703991
4273	0.1832576015
4274	0.1832439555
4275	0.183232986
4276	0.1832207801
4277	0.1832089889
4278	0.1832005844
4279	0.1831865606
4280	0.1831795512
4281	0.1831668259
4282	0.1831586225
4283	0.1831545066
4284	0.1831541448
4285	0.1831482925
4286	0.1831368499
4287	0.1831293536
4288	0.1831173412
4289	0.1831061974
4290	0.1830986653
4291	0.1830894664
4292	0.1830753822
4293	0.1830633976
4294	0.1830565284
4295	0.1830511824
4296	0.1830419173
4297	0.1830289317
4298	0.1830190645
4299	0.1830016954
4300	0.1829916968
4301	0.1829852529
4302	0.1829776594
4303	0.1829689349
4304	0.1829623981
4305	0.1829614615
4306	0.1829486356
4307	0.1829378902
4308	0.1829252204
4309	0.1829182984
4310	0.1829113133
4311	0.1829040674
4312	0.1828967753
4313	0.182887262
4314	0.1828786262
4315	0.1828615219
4316	0.1828546184
4317	0.1828481949
4318	0.1828359584
4319	0.182827162
4320	0.1828204415
4321	0.1828091454
4322	0.1827994204
4323	0.1827939421
4324	0.1827835586
4325	0.1827717582
4326	0.1827588878
4327	0.1827501
4328	0.1827406219
4329	0.1827313405
4330	0.182721326
4331	0.1827101113
4332	0.1827011968
4333	0.182691035
4334	0.1826825825
4335	0.1826757525
4336	0.1826662042
4337	0.1826656626
4338	0.1826607024
4339	0.1826560484
4340	0.1826518501
4341	0.1826452673
4342	0.1826353749
4343	0.1826207679
4344	0.1826052308
4345	0.1825903057
4346	0.1825780448
4347	0.182567452
4348	0.1825560746
4349	0.1825434791
4350	0.1825303442
4351	0.1825205585
4352	0.1825161055
4353	0.1825050546
4354	0.1824971599
4355	0.182492342
4356	0.1824857326
4357	0.1824741431
4358	0.182465169
4359	0.1824578289
4360	0.1824539151
4361	0.1824390338
4362	0.1824319058
4363	0.182421309
4364	0.1824174191
4365	0.1824099279
4366	0.1824060359
4367	0.1823942635
4368	0.1823837604
4369	0.1823697838
4370	0.1823605695
4371	0.1823462833
4372	0.1823366716
4373	0.1823310647
4374	0.1823258014
4375	0.1823158556
4376	0.1823118856
4377	0.1822995933
4378	0.1822923425
4379	0.1822802464
4380	0.1822714809
4381	0.1822634312
4382	0.1822483387
4383	0.1822335509
4384	0.1822250872
4385	0.1822200753
4386	0.1822068678
4387	0.1822011979
4388	0.1821847122
4389	0.1821762824
4390	0.1821688087
4391	0.1821660252
4392	0.1821595351
4393	0.1821467428
4394	0.182138926
4395	0.1821284155
4396	0.1821244142
4397	0.1821185523
4398	0.1821090281
4399	0.1821015558
4400	0.1820916254
4401	0.1820877409
4402	0.1820763562
4403	0.1820572424
4404	0.1820483949
4405	0.1820336591
4406	0.1820270862
4407	0.182021206
4408	0.182018858
4409	0.1820116389
4410	0.1820045095
4411	0.18198574
4412	0.1819760676
4413	0.1819694258
4414	0.1819615177
4415	0.1819479675
4416	0.1819351825
4417	0.1819347008
4418	0.1819214873
4419	0.1819170744
4420	0.1819023586
4421	0.1819018217
4422	0.1818871258
4423	0.1818829706
4424	0.181875657
4425	0.1818705377
4426	0.1818601633
4427	0.1818508579
4428	0.1818423955
4429	0.1818308975
4430	0.1818186889
4431	0.1818147012
4432	0.1818036347
4433	0.1817922565
4434	0.1817785275
4435	0.181770124
4436	0.1817630613
4437	0.181745664
4438	0.1817322181
4439	0.1817223155
4440	0.1817108339
4441	0.1816977384
4442	0.1816975019
4443	0.1816867752
4444	0.1816833815
4445	0.1816736554
4446	0.1816659642
4447	0.1816514952
4448	0.181641754
4449	0.1816324356
4450	0.1816211597
4451	0.1816145884
4452	0.1816041533
4453	0.1815881759
4454	0.1815846692
4455	0.1815754314
4456	0.1815596197
4457	0.1815594029
4458	0.1815516337
4459	0.1815455892
4460	0.1815390461
4461	0.1815346199
4462	0.1815279275
4463	0.1815178367
4464	0.1815079094
4465	0.1815036229
4466	0.1814946424
4467	0.181487396
4468	0.1814805609
4469	0.181475545
4470	0.1814602169
4471	0.1814467755
4472	0.181437044
4473	0.1814312465
4474	0.1814172278
4475	0.1814111872
4476	0.1814021071
4477	0.1813934854
4478	0.1813859963
4479	0.1813777374
4480	0.1813669272
4481	0.1813554983
4482	0.1813427335
4483	0.1813371696
4484	0.1813258822
4485	0.1813141912
4486	0.1813053254
4487	0.1812995037
4488	0.1812859863
4489	0.1812722825
4490	0.1812718219
4491	0.1812656528
4492	0.1812527737
4493	0.1812417537
4494	0.1812268505
4495	0.1812134555
4496	0.1812034665
4497	0.1811937714
4498	0.1811891209
4499	0.1811750172
4500	0.1811671248
4501	0.181157238
4502	0.1811466967
4503	0.1811377646
4504	0.1811302124
4505	0.181121048
4506	0.1811112474
4507	0.1811043928
4508	0.1810985842
4509	0.1810855937
4510	0.1810790126
4511	0.1810647686
4512	0.1810561948
4513	0.1810495358
4514	0.1810407294
4515	0.1810352173
4516	0.18102989
4517	0.1810199839
4518	0.1810125224
4519	0.1810089113
4520	0.1809982843
4521	0.1809879428
4522	0.1809744056
4523	0.1809674762
4524	0.180957908
4525	0.180949056
4526	0.1809357181
4527	0.1809187438
4528	0.1809053205
4529	0.1808922213
4530	0.1808762667
4531	0.1808705417
4532	0.1808552866
4533	0.1808436536
4534	0.1808379252
4535	0.1808293299
4536	0.1808210622
4537	0.1808189476
4538	0.1808081189
4539	0.1807958186
4540	0.1807879993
4541	0.1807813932
4542	0.180766865
4543	0.180750782
4544	0.1807340002
4545	0.1807269292
4546	0.1807178765
4547	0.1807087637
4548	0.1806972419
4549	0.1806887753
4550	0.1806747695
4551	0.1806642901
4552	0.1806530783
4553	0.1806465169
4554	0.1806420731
4555	0.1806329635
4556	0.180624235
4557	0.180607713
4558	0.1806008618
4559	0.1805897364
4560	0.1805823791
4561	0.1805723504
4562	0.180562471
4563	0.1805529035
4564	0.1805444563
4565	0.1805345639
4566	0.1805230476
4567	0.1805170489
4568	0.1805066157
4569	0.1804940598
4570	0.1804845113
4571	0.1804751328
4572	0.1804703071
4573	0.1804611118
4574	0.1804503373
4575	0.180440735
4576	0.1804275246
4577	0.1804251506
4578	0.180413736
4579	0.1804024407
4580	0.1803925845
4581	0.1803834056
4582	0.1803725538
4583	0.1803624039
4584	0.1803521853
4585	0.1803416977
4586	0.1803298987
4587	0.1803216041
4588	0.1803162223
4589	0.18030928
4590	0.1802999207
4591	0.1802947304
4592	0.1802818225
4593	0.1802754229
4594	0.1802651244
4595	0.1802558196
4596	0.1802488579
4597	0.1802369553
4598	0.1802361095
4599	0.1802263228
4600	0.1802243902
4601	0.1802169704
4602	0.1802090359
4603	0.1801972902
4604	0.1801888486
4605	0.180174073
4606	0.1801591233
4607	0.1801458624
4608	0.1801344062
4609	0.1801274886
4610	0.1801229827
4611	0.1801208271
4612	0.1801107445
4613	0.1801040594
4614	0.1800962243
4615	0.1800816329
4616	0.1800698557
4617	0.1800582307
4618	0.1800511547
4619	0.1800447211
4620	0.1800327301
4621	0.1800228526
4622	0.1800092702
4623	0.1800042962
4624	0.1799918761
4625	0.1799853139
4626	0.179975888
4627	0.1799702788
4628	0.1799632286
4629	0.1799530288
4630	0.1799490961
4631	0.1799397026
4632	0.1799317186
4633	0.1799256316
4634	0.1799179352
4635	0.1799095271
4636	0.17990022
4637	0.1798904534
4638	0.1798832789
4639	0.1798743174
4640	0.1798664156
4641	0.1798618297
4642	0.1798554253
4643	0.1798447085
4644	0.1798387709
4645	0.1798309051
4646	0.1798215227
4647	0.1798094362
4648	0.17980436
4649	0.1797926292
4650	0.1797867819
4651	0.1797833062
4652	0.1797781015
4653	0.1797731748
4654	0.1797669969
4655	0.1797524755
4656	0.1797446761
4657	0.1797359646
4658	0.1797288768
4659	0.17971434
4660	0.17970687
4661	0.1796985821
4662	0.1796891169
4663	0.1796800194
4664	0.1796701207
4665	0.1796610516
4666	0.179648733
4667	0.1796386916
4668	0.1796265344
4669	0.1796229332
4670	0.1796073656
4671	0.1795934229
4672	0.1795802485
4673	0.1795725141
4674	0.1795572287
4675	0.1795521725
4676	0.1795467804
4677	0.1795465892
4678	0.1795384031
4679	0.1795308514
4680	0.1795187317
4681	0.1795133868
4682	0.1795027982
4683	0.17950029
4684	0.1794909397
4685	0.1794815414
4686	0.1794747406
4687	0.1794618229
4688	0.1794514884
4689	0.1794392563
4690	0.1794313947
4691	0.1794247273
4692	0.1794180851
4693	0.1794062825
4694	0.1793903031
4695	0.1793829949
4696	0.179375837
4697	0.1793663086
4698	0.1793560681
4699	0.1793468063
4700	0.1793345381
4701	0.1793175987
4702	0.1793139186
4703	0.1793055242
4704	0.1792963225
4705	0.1792913743
4706	0.1792847481
4707	0.1792807094
4708	0.1792654518
4709	0.1792545588
4710	0.1792402117
4711	0.1792358932
4712	0.1792280575
4713	0.1792167051
4714	0.1792058732
4715	0.179198965
4716	0.1791904901
4717	0.1791841504
4718	0.1791768214
4719	0.1791687762
4720	0.1791614697
4721	0.179149705
4722	0.1791326376
4723	0.179123029
4724	0.1791158927
4725	0.1791090592
4726	0.1790950024
4727	0.1790841667
4728	0.1790774173
4729	0.1790715542
4730	0.179060104
4731	0.1790530263
4732	0.1790431801
4733	0.179031635
4734	0.1790273882
4735	0.1790154085
4736	0.1790066715
4737	0.179006026
4738	0.1789954514
4739	0.1789862071
4740	0.1789759966
4741	0.1789643111
4742	0.17895696
4743	0.1789478941
4744	0.1789402097
4745	0.1789371457
4746	0.1789303282
4747	0.1789198124
4748	0.1789098143
4749	0.1789007482
4750	0.1788904558
4751	0.1788813058
4752	0.178873172
4753	0.1788649242
4754	0.1788547836
4755	0.1788455653
4756	0.1788394614
4757	0.1788314611
4758	0.1788243179
4759	0.1788194406
4760	0.1788148096
4761	0.1788056723
4762	0.1787959181
4763	0.1787857777
4764	0.1787777526
4765	0.178764379
4766	0.1787604654
4767	0.1787554273
4768	0.1787474852
4769	0.1787387834
4770	0.1787245576
4771	0.1787151816
4772	0.1787065093
4773	0.1786908862
4774	0.1786742576
4775	0.1786618337
4776	0.1786535477
4777	0.1786461364
4778	0.1786398148
4779	0.1786330925
4780	0.1786224976
4781	0.1786151549
4782	0.1786012185
4783	0.1785961015
4784	0.1785870854
4785	0.1785777649
4786	0.1785642083
4787	0.1785480776
4788	0.1785461389
4789	0.1785302129
4790	0.1785144055
4791	0.1785057321
4792	0.1785055845
4793	0.1784935842
4794	0.1784781536
4795	0.1784685712
4796	0.1784553927
4797	0.178445349
4798	0.1784406654
4799	0.1784302056
4800	0.1784205599
4801	0.1784126593
4802	0.1784085663
4803	0.1783985449
4804	0.1783925833
4805	0.1783824355
4806	0.1783754841
4807	0.1783658636
4808	0.1783572959
4809	0.178350935
4810	0.1783398232
4811	0.1783353633
4812	0.178321177
4813	0.1783131605
4814	0.1783040946
4815	0.1782995018
4816	0.178286646
4817	0.1782761253
4818	0.1782658844
4819	0.1782571246
4820	0.1782460664
4821	0.1782380805
4822	0.1782289731
4823	0.1782195149
4824	0.1782137268
4825	0.1782032804
4826	0.1781977012
4827	0.1781899549
4828	0.1781826222
4829	0.1781778061
4830	0.1781649112
4831	0.1781563957
4832	0.1781462644
4833	0.1781365111
4834	0.1781239583
4835	0.1781162705
4836	0.1781122465
4837	0.178102812
4838	0.1780965399
4839	0.1780912171
4840	0.1780878919
4841	0.1780793762
4842	0.178073726
4843	0.1780639323
4844	0.1780530642
4845	0.1780441718
4846	0.1780383893
4847	0.1780313537
4848	0.1780182559
4849	0.1780121657
4850	0.178007036
4851	0.1780028642
4852	0.1779922906
4853	0.1779892957
4854	0.1779822976
4855	0.177975117
4856	0.1779678655
4857	0.1779579882
4858	0.177949024
4859	0.1779417342
4860	0.1779326509
4861	0.1779237682
4862	0.1779145115
4863	0.1779097439
4864	0.1779023506
4865	0.1778847766
4866	0.1778756009
4867	0.1778651052
4868	0.1778573074
4869	0.1778467083
4870	0.1778363022
4871	0.17782873
4872	0.1778161193
4873	0.1778113798
4874	0.1778004557
4875	0.1777935502
4876	0.1777864647
4877	0.177777776
4878	0.1777697255
4879	0.1777517959
4880	0.1777416319
4881	0.1777313842
4882	0.1777230206
4883	0.1777170214
4884	0.1777040859
4885	0.1776923147
4886	0.1776805098
4887	0.1776708319
4888	0.1776653542
4889	0.1776541524
4890	0.1776514901
4891	0.1776460492
4892	0.1776429423
4893	0.1776330847
4894	0.1776226299
4895	0.1776134368
4896	0.1776041058
4897	0.1775871743
4898	0.177576194
4899	0.1775666615
4900	0.1775521761
4901	0.1775382268
4902	0.1775298906
4903	0.1775209101
4904	0.1775141164
4905	0.1775032344
4906	0.1774926428
4907	0.1774779465
4908	0.1774690776
4909	0.1774589065
4910	0.1774514302
4911	0.1774429892
4912	0.1774337714
4913	0.1774203738
4914	0.1774134097
4915	0.177402357
4916	0.177389328
4917	0.1773806085
4918	0.1773711352
4919	0.1773566795
4920	0.1773518289
4921	0.1773429706
4922	0.1773302127
4923	0.1773237224
4924	0.1773160917
4925	0.1773044383
4926	0.1772930973
4927	0.1772801596
4928	0.1772695162
4929	0.1772556712
4930	0.1772489904
4931	0.1772376624
4932	0.1772307534
4933	0.1772248863
4934	0.1772185176
4935	0.1772111396
4936	0.1772012781
4937	0.177194843
4938	0.1771868278
4939	0.1771789654
4940	0.1771679208
4941	0.1771546519
4942	0.1771421468
4943	0.177134719
4944	0.1771275376
4945	0.1771196944
4946	0.1771078454
4947	0.1770921683
4948	0.1770796332
4949	0.177071034
4950	0.177066356
4951	0.1770599863
4952	0.1770492112
4953	0.1770379056
4954	0.1770294233
4955	0.177019086
4956	0.1770149523
4957	0.1770055801
4958	0.1770011338
4959	0.1769946656
4960	0.1769870292
4961	0.1769782975
4962	0.1769651216
4963	0.1769557857
4964	0.1769506179
4965	0.1769390873
4966	0.1769324504
4967	0.1769220396
4968	0.1769091344
4969	0.1768989667
4970	0.1768841695
4971	0.1768728455
4972	0.1768645735
4973	0.1768571319
4974	0.1768478173
4975	0.1768352098
4976	0.1768283518
4977	0.1768208982
4978	0.1768153063
4979	0.1767994734
4980	0.1767932749
4981	0.1767877728
4982	0.1767786688
4983	0.176773192
4984	0.1767640791
4985	0.1767549775
4986	0.1767494546
4987	0.1767389975
4988	0.1767313255
4989	0.1767188931
4990	0.1767135285
4991	0.176703587
4992	0.1766957495
4993	0.1766874933
4994	0.1766784967
4995	0.1766665211
4996	0.1766556734
4997	0.1766450111
4998	0.1766355699
4999	0.1766279753
5000	0.1766181703
5001	0.1766108326
5002	0.1766021242
5003	0.1765930967
5004	0.176586502
5005	0.1765760692
5006	0.1765643458
5007	0.1765479229
5008	0.1765428727
5009	0.1765329495
5010	0.1765202139
5011	0.1765075312
5012	0.1764998398
5013	0.176484771
5014	0.1764734149
5015	0.176461627
5016	0.1764488632
5017	0.176441108
5018	0.1764372952
5019	0.1764276488
5020	0.1764182595
5021	0.1764069919
5022	0.1764064791
5023	0.1763974984
5024	0.1763870598
5025	0.1763790413
5026	0.176373051
5027	0.1763646208
5028	0.1763586076
5029	0.1763487841
5030	0.1763414667
5031	0.1763408447
5032	0.1763358855
5033	0.1763249372
5034	0.1763141109
5035	0.1763096611
5036	0.176302352
5037	0.1762940089
5038	0.1762853407
5039	0.1762712644
5040	0.1762577166
5041	0.1762496784
5042	0.1762433836
5043	0.176232264
5044	0.176223321
5045	0.176210485
5046	0.1761970699
5047	0.1761832722
5048	0.1761728169
5049	0.1761640384
5050	0.1761517589
5051	0.1761438214
5052	0.1761373037
5053	0.1761333268
5054	0.1761190837
5055	0.1761135326
5056	0.1761015586
5057	0.1760920957
5058	0.1760844513
5059	0.1760747018
5060	0.1760592231
5061	0.1760520485
5062	0.1760457088
5063	0.1760311253
5064	0.1760242496
5065	0.176023787
5066	0.1760218091
5067	0.1760149523
5068	0.1760051378
5069	0.1759939609
5070	0.1759826498
5071	0.1759735142
5072	0.175968354
5073	0.1759648046
5074	0.1759545528
5075	0.1759396313
5076	0.1759340197
5077	0.1759224961
5078	0.1759130535
5079	0.1759007117
5080	0.1758962166
5081	0.1758857119
5082	0.1758855794
5083	0.1758783595
5084	0.1758693357
5085	0.1758581718
5086	0.1758426237
5087	0.1758282585
5088	0.1758229252
5089	0.1758223183
5090	0.1758082348
5091	0.1757949219
5092	0.1757820127
5093	0.175771352
5094	0.1757610744
5095	0.1757525978
5096	0.1757404968
5097	0.1757352954
5098	0.175722082
5099	0.175718202
5100	0.1757178669
5101	0.1757060111
5102	0.1756950394
5103	0.1756900109
5104	0.1756835598
5105	0.1756772913
5106	0.1756716299
5107	0.1756592302
5108	0.1756517221
5109	0.1756357082
5110	0.1756237271
5111	0.1756195209
5112	0.1756127003
5113	0.175603836
5114	0.1755911094
5115	0.1755795776
5116	0.175568353
5117	0.1755570852
5118	0.1755500804
5119	0.1755400705
5120	0.1755271382
5121	0.1755157131
5122	0.1755119987
5123	0.1755070124
5124	0.1755034701
5125	0.1754952597
5126	0.1754947239
5127	0.1754827579
5128	0.1754742589
5129	0.175464451
5130	0.1754580889
5131	0.1754471768
5132	0.1754384029
5133	0.1754296579
5134	0.1754159489
5135	0.1754062968
5136	0.1754023339
5137	0.1753929761
5138	0.1753836285
5139	0.1753788992
5140	0.1753725469
5141	0.1753638061
5142	0.1753511579
5143	0.1753489216
5144	0.1753355259
5145	0.1753317577
5146	0.1753184358
5147	0.1753129532
5148	0.1753102368
5149	0.1753066608
5150	0.175302275
5151	0.1752906008
5152	0.1752843903
5153	0.1752746095
5154	0.1752607778
5155	0.175252351
5156	0.1752472807
5157	0.1752399414
5158	0.1752331814
5159	0.1752283007
5160	0.1752239062
5161	0.1752095007
5162	0.1751976089
5163	0.1751840285
5164	0.1751706789
5165	0.1751606461
5166	0.1751525889
5167	0.1751425192
5168	0.1751303077
5169	0.1751282933
5170	0.1751182758
5171	0.1751124206
5172	0.1751024799
5173	0.175098286
5174	0.1750894454
5175	0.1750696861
5176	0.1750601313
5177	0.1750545281
5178	0.1750464448
5179	0.1750359586
5180	0.1750250312
5181	0.1750193168
5182	0.1750074894
5183	0.1749943338
5184	0.1749812142
5185	0.1749659615
5186	0.174952172
5187	0.1749457588
5188	0.1749392596
5189	0.1749311619
5190	0.1749222551
5191	0.1749173143
5192	0.1749132678
5193	0.1749082964
5194	0.1749059885
5195	0.1748951067
5196	0.1748876035
5197	0.1748732207
5198	0.1748624053
5199	0.1748593049
5200	0.1748476237
5201	0.1748420193
5202	0.1748316376
5203	0.1748285926
5204	0.1748174954
5205	0.174807764
5206	0.1747988604
5207	0.1747920637
5208	0.1747839492
5209	0.1747776135
5210	0.174765529
5211	0.1747567356
5212	0.1747505104
5213	0.1747384923
5214	0.1747271361
5215	0.1747164509
5216	0.1747137279
5217	0.1747093743
5218	0.1746997515
5219	0.1746869384
5220	0.1746759982
5221	0.1746733048
5222	0.1746612883
5223	0.1746482312
5224	0.1746381613
5225	0.1746272532
5226	0.1746136565
5227	0.1746044359
5228	0.1745956379
5229	0.1745849548
5230	0.174571944
5231	0.1745594194
5232	0.1745479508
5233	0.1745363644
5234	0.1745238732
5235	0.1745155137
5236	0.174507228
5237	0.1745007628
5238	0.1744934761
5239	0.1744863523
5240	0.1744816315
5241	0.1744747695
5242	0.1744676382
5243	0.1744612154
5244	0.1744558081
5245	0.174442725
5246	0.1744333692
5247	0.1744229747
5248	0.1744132047
5249	0.1744026112
5250	0.1743992564
5251	0.1743929296
5252	0.1743819953
5253	0.1743780207
5254	0.174365945
5255	0.1743503494
5256	0.1743433461
5257	0.1743340664
5258	0.174329128
5259	0.1743119021
5260	0.1742966184
5261	0.1742876991
5262	0.1742748783
5263	0.1742676701
5264	0.1742526528
5265	0.1742396297
5266	0.174234624
5267	0.1742270105
5268	0.1742168117
5269	0.1742118998
5270	0.1742036433
5271	0.174193312
5272	0.1741840871
5273	0.1741782713
5274	0.1741605636
5275	0.1741503464
5276	0.1741384014
5277	0.1741295383
5278	0.1741210602
5279	0.174109475
5280	0.1741020915
5281	0.1740903359
5282	0.1740883913
5283	0.174083661
5284	0.1740785589
5285	0.1740696102
5286	0.1740582602
5287	0.1740514701
5288	0.1740341894
5289	0.1740304527
5290	0.1740143105
5291	0.1740028078
5292	0.1739978897
5293	0.1739880803
5294	0.173978734
5295	0.1739687736
5296	0.1739606159
5297	0.1739534304
5298	0.1739397836
5299	0.1739308144
5300	0.1739235884
5301	0.1739210988
5302	0.173915916
5303	0.1739088525
5304	0.1739046849
5305	0.1738927207
5306	0.173882241
5307	0.1738763319
5308	0.1738715525
5309	0.173860883
5310	0.1738472073
5311	0.1738365955
5312	0.1738303676
5313	0.1738155742
5314	0.1738096602
5315	0.1737991182
5316	0.1737966262
5317	0.1737858888
5318	0.173779996
5319	0.1737707084
5320	0.1737642414
5321	0.1737552312
5322	0.1737439489
5323	0.1737330017
5324	0.1737280676
5325	0.173716853
5326	0.1737149746
5327	0.1737122376
5328	0.1737051371
5329	0.1736905906
5330	0.1736814784
5331	0.1736670814
5332	0.1736575853
5333	0.1736510615
5334	0.1736431836
5335	0.1736332972
5336	0.1736175508
5337	0.1736060571
5338	0.1735991517
5339	0.1735909005
5340	0.1735841529
5341	0.1735740511
5342	0.173565801
5343	0.1735605114
5344	0.1735445895
5345	0.1735330486
5346	0.1735184836
5347	0.1735083478
5348	0.1734965588
5349	0.1734913629
5350	0.1734849875
5351	0.1734750639
5352	0.1734740319
5353	0.1734668153
5354	0.1734584692
5355	0.1734445889
5356	0.1734409615
5357	0.1734363865
5358	0.1734271555
5359	0.1734179187
5360	0.1734065411
5361	0.1733925881
5362	0.1733779522
5363	0.1733684548
5364	0.1733558004
5365	0.1733432213
5366	0.1733280336
5367	0.1733128453
5368	0.1732984947
5369	0.1732910645
5370	0.1732801492
5371	0.1732784681
5372	0.1732674028
5373	0.1732542388
5374	0.1732489541
5375	0.1732368843
5376	0.1732224602
5377	0.1732106782
5378	0.173206069
5379	0.1731968873
5380	0.1731874062
5381	0.1731830225
5382	0.173172738
5383	0.1731642558
5384	0.1731597589
5385	0.1731507632
5386	0.1731449679
5387	0.1731389549
5388	0.1731290076
5389	0.1731237896
5390	0.173118735
5391	0.1731074418
5392	0.1731069394
5393	0.173096032
5394	0.1730877724
5395	0.1730788358
5396	0.1730745841
5397	0.1730631358
5398	0.173049866
5399	0.1730425712
5400	0.1730384129
5401	0.1730363194
5402	0.17302114
5403	0.1730186823
5404	0.1730072183
5405	0.172996851
5406	0.1729843263
5407	0.1729757498
5408	0.1729691637
5409	0.1729587441
5410	0.1729516428
5411	0.172942634
5412	0.1729358387
5413	0.1729231625
5414	0.1729153106
5415	0.1729022312
5416	0.172892887
5417	0.1728783206
5418	0.1728687805
5419	0.1728593306
5420	0.1728555152
5421	0.1728493144
5422	0.1728415934
5423	0.1728292143
5424	0.1728216753
5425	0.1728144989
5426	0.1728062132
5427	0.1727974332
5428	0.1727857728
5429	0.1727751117
5430	0.1727647714
5431	0.1727617771
5432	0.172750084
5433	0.1727421313
5434	0.1727347253
5435	0.1727290492
5436	0.1727207587
5437	0.1727043824
5438	0.1726923317
5439	0.172682805
5440	0.1726735812
5441	0.1726601998
5442	0.1726562386
5443	0.1726483469
5444	0.1726379546
5445	0.1726322405
5446	0.1726238734
5447	0.1726183192
5448	0.1726108558
5449	0.1725960256
5450	0.1725862686
5451	0.1725751593
5452	0.1725654438
5453	0.1725560898
5454	0.1725501924
5455	0.1725399239
5456	0.1725312832
5457	0.1725196495
5458	0.1725119393
5459	0.172503358
5460	0.1724881041
5461	0.1724768441
5462	0.1724705307
5463	0.172460637
5464	0.1724527626
5465	0.1724417313
5466	0.1724329312
5467	0.1724236192
5468	0.1724130632
5469	0.1724030311
5470	0.172394244
5471	0.172383531
5472	0.1723724918
5473	0.172366407
5474	0.1723563604
5475	0.17235047
5476	0.172342428
5477	0.1723370839
5478	0.1723287189
5479	0.1723174518
5480	0.1723081231
5481	0.1722930852
5482	0.1722855094
5483	0.1722796938
5484	0.1722717515
5485	0.1722655563
5486	0.1722569993
5487	0.1722433852
5488	0.1722321122
5489	0.1722260832
5490	0.1722192064
5491	0.1722078383
5492	0.1722000555
5493	0.1721897897
5494	0.1721800369
5495	0.1721669091
5496	0.1721562244
5497	0.1721491865
5498	0.172140525
5499	0.1721298219
5500	0.1721198968
5501	0.1721103863
5502	0.1720984105
5503	0.1720899142
5504	0.1720840002
5505	0.1720701384
5506	0.1720605832
5507	0.172047594
5508	0.1720381908
5509	0.1720269788
5510	0.172021689
5511	0.1720113415
5512	0.1719989931
5513	0.1719935966
5514	0.1719869141
5515	0.1719798829
5516	0.1719766648
5517	0.1719620408
5518	0.1719569501
5519	0.1719525442
5520	0.171946953
5521	0.1719412906
5522	0.1719245064
5523	0.1719131098
5524	0.1719081758
5525	0.1718979626
5526	0.1718909519
5527	0.1718839014
5528	0.1718762098
5529	0.1718721277
5530	0.1718653408
5531	0.17186023
5532	0.1718521619
5533	0.1718409117
5534	0.1718325303
5535	0.1718233088
5536	0.1718139784
5537	0.1718030622
5538	0.1717864405
5539	0.1717804862
5540	0.1717729993
5541	0.1717656911
5542	0.1717557101
5543	0.1717523262
5544	0.1717467829
5545	0.1717410259
5546	0.1717305316
5547	0.1717208441
5548	0.1717200724
5549	0.1717104095
5550	0.1717032509
5551	0.1716913286
5552	0.1716866396
5553	0.1716824472
5554	0.171675765
5555	0.1716694078
5556	0.1716554218
5557	0.1716401427
5558	0.1716358512
5559	0.1716234442
5560	0.1716158104
5561	0.1716049575
5562	0.171599629
5563	0.1715867609
5564	0.1715703344
5565	0.1715613047
5566	0.1715524415
5567	0.1715404547
5568	0.1715349718
5569	0.1715248153
5570	0.1715109053
5571	0.1715042181
5572	0.1714974347
5573	0.171490363
5574	0.1714845983
5575	0.1714690055
5576	0.1714570195
5577	0.171447187
5578	0.1714339202
5579	0.1714292301
5580	0.1714221381
5581	0.1714085539
5582	0.1713986715
5583	0.1713905222
5584	0.1713770148
5585	0.1713682143
5586	0.1713594343
5587	0.1713537806
5588	0.1713401146
5589	0.1713303744
5590	0.171325311
5591	0.1713182598
5592	0.1713119275
5593	0.1713044378
5594	0.1712984197
5595	0.1712880338
5596	0.171284521
5597	0.1712771737
5598	0.1712713948
5599	0.1712588069
5600	0.1712462101
5601	0.1712368744
5602	0.1712264389
5603	0.1712169769
5604	0.1712113136
5605	0.171202376
5606	0.1712010803
5607	0.1711903817
5608	0.1711784345
5609	0.1711706544
5610	0.1711620861
5611	0.1711486726
5612	0.1711374737
5613	0.1711298329
5614	0.1711169119
5615	0.1711081445
5616	0.1711015011
5617	0.1710904584
5618	0.1710786521
5619	0.1710681749
5620	0.1710609816
5621	0.1710513006
5622	0.1710397277
5623	0.1710273428
5624	0.1710163268
5625	0.1710030126
5626	0.1709944855
5627	0.1709817438
5628	0.1709742863
5629	0.1709728874
5630	0.1709684792
5631	0.1709631459
5632	0.1709533642
5633	0.1709450599
5634	0.1709360383
5635	0.1709269895
5636	0.1709206337
5637	0.1709123277
5638	0.1709067988
5639	0.1708998744
5640	0.1708903699
5641	0.1708819921
5642	0.1708807387
5643	0.1708723086
5644	0.1708595718
5645	0.1708536942
5646	0.1708409562
5647	0.1708356598
5648	0.1708266743
5649	0.1708220038
5650	0.1708058203
5651	0.1707970163
5652	0.1707879707
5653	0.1707827803
5654	0.1707772038
5655	0.1707690383
5656	0.1707625955
5657	0.1707563649
5658	0.1707471883
5659	0.1707390837
5660	0.1707250916
5661	0.1707168337
5662	0.1707074304
5663	0.1706952036
5664	0.1706902267
5665	0.1706779109
5666	0.170667399
5667	0.1706598786
5668	0.1706496443
5669	0.1706409549
5670	0.1706361713
5671	0.1706224273
5672	0.1706163867
5673	0.1706060447
5674	0.1705934087
5675	0.1705839071
5676	0.1705765301
5677	0.1705689851
5678	0.1705549807
5679	0.1705457863
5680	0.1705377933
5681	0.1705335793
5682	0.1705218382
5683	0.1705216936
5684	0.1705104336
5685	0.1704996998
5686	0.1704913479
5687	0.1704813042
5688	0.170472987
5689	0.1704685853
5690	0.1704590664
5691	0.1704536534
5692	0.1704459886
5693	0.1704308798
5694	0.1704231871
5695	0.1704155721
5696	0.170405146
5697	0.17039247
5698	0.1703846285
5699	0.170374608
5700	0.1703619995
5701	0.1703567861
5702	0.1703481908
5703	0.1703418197
5704	0.1703297498
5705	0.1703218372
5706	0.1703068268
5707	0.1703018349
5708	0.1702867228
5709	0.1702748368
5710	0.170265615
5711	0.1702595371
5712	0.1702524615
5713	0.1702415947
5714	0.1702342207
5715	0.1702199686
5716	0.1702114302
5717	0.1702043193
5718	0.1701955087
5719	0.170189355
5720	0.1701754756
5721	0.1701720872
5722	0.1701635067
5723	0.1701585269
5724	0.1701518675
5725	0.1701436736
5726	0.1701319208
5727	0.1701217248
5728	0.170110495
5729	0.170104812
5730	0.1700918863
5731	0.1700913693
5732	0.1700843305
5733	0.1700740735
5734	0.1700665264
5735	0.1700556943
5736	0.1700511045
5737	0.1700389086
5738	0.1700283323
5739	0.1700176596
5740	0.1700085003
5741	0.1700017476
5742	0.1699921448
5743	0.1699825722
5744	0.1699772628
5745	0.1699714952
5746	0.1699628896
5747	0.1699588261
5748	0.1699586038
5749	0.1699526495
5750	0.1699467357
5751	0.16994188
5752	0.1699324712
5753	0.1699212538
5754	0.1699159884
5755	0.1699061644
5756	0.1698983218
5757	0.1698922245
5758	0.1698857927
5759	0.1698736825
5760	0.169870932
5761	0.1698654483
5762	0.1698587406
5763	0.1698436624
5764	0.1698353063
5765	0.1698229518
5766	0.1698142021
5767	0.1698049396
5768	0.1697955285
5769	0.1697824213
5770	0.1697683083
5771	0.1697646409
5772	0.1697557982
5773	0.169746826
5774	0.169743751
5775	0.1697305005
5776	0.1697252594
5777	0.1697168723
5778	0.1697072363
5779	0.1696982162
5780	0.1696880259
5781	0.1696747852
5782	0.1696639428
5783	0.1696613334
5784	0.1696612156
5785	0.1696538594
5786	0.1696490136
5787	0.1696373309
5788	0.1696257374
5789	0.1696131827
5790	0.1695997866
5791	0.169592988
5792	0.169584673
5793	0.1695710009
5794	0.16956425
5795	0.1695595428
5796	0.1695541352
5797	0.1695465285
5798	0.1695409648
5799	0.1695339795
5800	0.169526212
5801	0.1695198708
5802	0.1695126368
5803	0.1695025091
5804	0.1694924062
5805	0.1694860458
5806	0.1694769179
5807	0.1694661422
5808	0.1694555225
5809	0.1694432821
5810	0.1694300726
5811	0.1694208634
5812	0.169414998
5813	0.1694077929
5814	0.1694016308
5815	0.169398757
5816	0.1693854521
5817	0.1693743599
5818	0.1693717016
5819	0.1693628932
5820	0.1693550378
5821	0.1693462258
5822	0.1693359106
5823	0.1693262893
5824	0.1693215679
5825	0.1693149529
5826	0.1693064234
5827	0.1693028238
5828	0.1693002952
5829	0.1692914526
5830	0.1692773803
5831	0.1692642637
5832	0.1692627238
5833	0.1692511781
5834	0.1692465423
5835	0.1692448883
5836	0.1692396413
5837	0.169224876
5838	0.1692165346
5839	0.1692104163
5840	0.1691997462
5841	0.1691978443
5842	0.1691918222
5843	0.1691862545
5844	0.1691746919
5845	0.1691637643
5846	0.1691596945
5847	0.1691592584
5848	0.1691452708
5849	0.169133592
5850	0.1691258358
5851	0.1691172095
5852	0.1691074329
5853	0.1691018951
5854	0.169093442
5855	0.1690810177
5856	0.1690732124
5857	0.1690608824
5858	0.1690521696
5859	0.1690456202
5860	0.169039945
5861	0.1690292621
5862	0.1690201023
5863	0.1690080801
5864	0.1689961834
5865	0.1689937403
5866	0.1689890159
5867	0.1689770015
5868	0.1689724607
5869	0.1689661211
5870	0.1689620278
5871	0.1689572571
5872	0.1689457795
5873	0.1689338684
5874	0.16892524
5875	0.1689130458
5876	0.1689010133
5877	0.1688951858
5878	0.1688835206
5879	0.1688812795
5880	0.1688687008
5881	0.1688598966
5882	0.1688478888
5883	0.1688361886
5884	0.1688274896
5885	0.168819739
5886	0.1688131929
5887	0.168804265
5888	0.1687941226
5889	0.1687870947
5890	0.1687802075
5891	0.1687698474
5892	0.1687639185
5893	0.1687492648
5894	0.16873627
5895	0.1687279924
5896	0.1687179704
5897	0.1687073858
5898	0.168694004
5899	0.1686899295
5900	0.1686777365
5901	0.1686706037
5902	0.1686601136
5903	0.1686489943
5904	0.1686378687
5905	0.1686301539
5906	0.1686233248
5907	0.1686071806
5908	0.1685950492
5909	0.1685877385
5910	0.1685787759
5911	0.1685742506
5912	0.1685719629
5913	0.1685644339
5914	0.1685577922
5915	0.1685536996
5916	0.1685478761
5917	0.1685345059
5918	0.1685258939
5919	0.1685174283
5920	0.1685075183
5921	0.1684987551
5922	0.168484183
5923	0.1684736319
5924	0.1684677764
5925	0.1684623708
5926	0.1684424923
5927	0.1684383594
5928	0.1684298332
5929	0.1684220667
5930	0.1684136381
5931	0.168403612
5932	0.168391862
5933	0.1683850507
5934	0.1683785842
5935	0.1683726314
5936	0.1683636114
5937	0.1683634053
5938	0.1683539291
5939	0.1683431156
5940	0.1683280546
5941	0.1683176478
5942	0.1683151505
5943	0.1683097074
5944	0.1683021226
5945	0.1682876524
5946	0.1682749059
5947	0.1682656902
5948	0.1682588418
5949	0.1682525137
5950	0.1682434832
5951	0.1682340148
5952	0.1682229303
5953	0.1682141356
5954	0.1681970379
5955	0.1681964183
5956	0.1681921684
5957	0.1681846901
5958	0.168175757
5959	0.1681678905
5960	0.1681556164
5961	0.1681498888
5962	0.1681404381
5963	0.168128654
5964	0.1681238491
5965	0.1681206321
5966	0.1681129159
5967	0.168106273
5968	0.1681005417
5969	0.1680969623
5970	0.1680850203
5971	0.1680750534
5972	0.1680663483
5973	0.1680554959
5974	0.1680547963
5975	0.1680448585
5976	0.1680318586
5977	0.1680245293
5978	0.1680195137
5979	0.1680117916
5980	0.1680021327
5981	0.1679936201
5982	0.167978323
5983	0.16796638
5984	0.1679584759
5985	0.16794436
5986	0.1679346751
5987	0.1679298729
5988	0.1679173969
5989	0.1679042096
5990	0.16789956
5991	0.167888704
5992	0.1678816062
5993	0.1678788311
5994	0.1678716855
5995	0.1678588864
5996	0.167847453
5997	0.1678337808
5998	0.1678217722
5999	0.1678146969
6000	0.1678058282
6001	0.1677938481
6002	0.1677838331
6003	0.1677766626
6004	0.1677629918
6005	0.1677597832
6006	0.1677468376
6007	0.1677466346
6008	0.1677358631
6009	0.167727519
6010	0.1677237813
6011	0.167717462
6012	0.167711071
6013	0.1677028282
6014	0.1676922884
6015	0.1676855173
6016	0.167679416
6017	0.1676682061
6018	0.167664467
6019	0.1676566239
6020	0.1676443799
