iter	Passed	Remaining
0	706	7062899
1	1313	6568337
2	1855	6182478
3	2482	6203318
4	3038	6073243
5	3697	6158182
6	4266	6090084
7	4802	5997912
8	5398	5992558
9	5912	5906774
10	6483	5887828
11	6969	5801207
12	7597	5836886
13	8292	5915087
14	8882	5912651
15	9539	5952350
16	9980	5860739
17	10643	5902605
18	11182	5874135
19	11795	5885764
20	12409	5896768
21	12883	5843378
22	13516	5863297
23	13977	5810032
24	14654	5847144
25	15268	5857306
26	15815	5841763
27	16382	5834466
28	16923	5818632
29	17582	5843318
30	18206	5854883
31	18772	5847564
32	19354	5845768
33	19910	5836155
34	20558	5853264
35	21097	5839380
36	21748	5856295
37	22451	5885738
38	23163	5916142
39	23954	5964559
40	24764	6015265
41	25478	6040801
42	26122	6048844
43	26863	6078489
44	27487	6080755
45	28125	6086178
46	28720	6082079
47	29286	6072028
48	29836	6059318
49	30356	6040975
50	30845	6017269
51	31463	6019287
52	31969	6000029
53	32594	6003384
54	33064	5978627
55	33666	5978134
56	34190	5964065
57	34779	5961608
58	35424	5968752
59	35887	5945399
60	36580	5960160
61	37014	5933086
62	37660	5940173
63	38312	5947951
64	38865	5940417
65	39561	5954665
66	39965	5924987
67	40553	5923217
68	41010	5902581
69	41702	5915851
70	42142	5893469
71	42740	5893482
72	43329	5892176
73	43790	5873884
74	44355	5869666
75	44925	5866272
76	45565	5872074
77	46127	5867600
78	46710	5865972
79	47374	5874493
80	48035	5882325
81	48669	5886672
82	49229	5882094
83	49789	5877517
84	50470	5887291
85	50944	5872861
86	51666	5886962
87	52296	5890479
88	52839	5884146
89	53476	5888403
90	54013	5881493
91	54612	5881502
92	55156	5875697
93	55731	5873196
94	56371	5877475
95	56887	5868893
96	57546	5875105
97	58252	5885829
98	58835	5884113
99	59523	5892829
100	60050	5885549
101	60748	5894954
102	61364	5896378
103	61930	5892906
104	62537	5893400
105	63044	5884506
106	63625	5882658
107	64185	5878915
108	64805	5880646
109	65470	5886388
110	65965	5876829
111	66642	5883550
112	67223	5881788
113	67805	5880053
114	68436	5882590
115	68888	5869811
116	69542	5874284
117	70042	5865776
118	70595	5861836
119	71069	5851395
120	71684	5852665
121	72267	5851311
122	72814	5847053
123	73415	5847152
124	73867	5835501
125	74561	5842987
126	75092	5837685
127	75721	5840012
128	76349	5842193
129	76880	5837041
130	77490	5837806
131	78099	5838544
132	78689	5837797
133	79231	5833601
134	79776	5829595
135	80476	5836882
136	80911	5825017
137	81614	5832462
138	82161	5828702
139	82764	5828973
140	83468	5836259
141	83933	5826877
142	84514	5825573
143	85045	5820894
144	85683	5823495
145	86273	5822869
146	86819	5819239
147	87462	5822158
148	88099	5824635
149	88732	5826793
150	89387	5830340
151	89871	5822708
152	90505	5824891
153	91004	5818350
154	91680	5823216
155	92311	5825094
156	92870	5822469
157	93461	5821846
158	93924	5813262
159	94574	5816338
160	95073	5810086
161	95709	5812311
162	96351	5814791
163	96831	5807511
164	97535	5813695
165	98143	5814093
166	98736	5813635
167	99389	5816667
168	99923	5812684
169	100588	5816381
170	101139	5813431
171	101774	5815374
172	102277	5809742
173	102811	5805912
174	103439	5807383
175	103928	5801116
176	104594	5804673
177	105209	5805412
178	105794	5804527
179	106481	5809162
180	106960	5802459
181	107622	5805713
182	108303	5809924
183	108859	5807391
184	109521	5810574
185	110062	5807278
186	110736	5810994
187	111435	5815973
188	111941	5810882
189	112587	5813091
190	113093	5808007
191	113683	5807306
192	114321	5809063
193	114883	5806939
194	115568	5810996
195	116082	5806515
196	116695	5806921
197	117256	5804776
198	117912	5807359
199	118578	5810328
200	119026	5802692
201	119668	5804498
202	120245	5803178
203	120788	5800235
204	121438	5802396
205	122003	5800508
206	122641	5802089
207	123180	5798976
208	123757	5797654
209	124370	5798026
210	124861	5792752
211	125439	5791516
212	125934	5786463
213	126574	5788113
214	127035	5781569
215	127748	5786536
216	128451	5790984
217	128962	5786747
218	129647	5790314
219	130152	5785890
220	130682	5782550
221	131278	5782172
222	131825	5779617
223	132446	5780363
224	132954	5776139
225	133656	5780353
226	134222	5778676
227	134798	5777421
228	135370	5776021
229	135878	5771899
230	136547	5774611
231	137034	5769633
232	137667	5770803
233	138366	5774720
234	138871	5770551
235	139501	5771560
236	140049	5769196
237	140704	5771244
238	141260	5769232
239	141832	5767853
240	142484	5769716
241	143006	5766370
242	143644	5767661
243	144304	5769824
244	144863	5767941
245	145508	5769466
246	145923	5761907
247	146536	5762199
248	146994	5756410
249	147630	5757581
250	148369	5762760
251	149122	5768438
252	149917	5775685
253	150539	5776209
254	151260	5780529
255	152063	5787908
256	152642	5786746
257	153403	5792487
258	153919	5788922
259	154589	5791172
260	155123	5788301
261	155654	5785373
262	156240	5784470
263	156784	5782026
264	157479	5785154
265	158115	5786092
266	158718	5785790
267	159321	5785499
268	159810	5781085
269	160443	5781919
270	160906	5776599
271	161561	5778214
272	162003	5772195
273	162590	5771381
274	163119	5768502
275	163719	5768135
276	164279	5766390
277	164836	5764521
278	165486	5765931
279	166053	5764416
280	166671	5764694
281	167267	5764219
282	167819	5762184
283	168427	5762112
284	168836	5755253
285	169569	5759448
286	170125	5757609
287	170757	5758328
288	171353	5757830
289	171871	5754743
290	172444	5753490
291	172904	5748484
292	173556	5749878
293	174112	5748084
294	174700	5747339
295	175307	5747231
296	175857	5745283
297	176526	5747176
298	177080	5745357
299	177726	5746495
300	178378	5747814
301	178895	5744783
302	179579	5747136
303	180137	5745437
304	180685	5743419
305	181267	5742521
306	181790	5739731
307	182444	5741069
308	182990	5739020
309	183588	5738618
310	184051	5734013
311	184674	5734369
312	185288	5734478
313	185876	5733763
314	186520	5734760
315	187107	5734016
316	187725	5734225
317	188367	5735129
318	188833	5730710
319	189484	5731920
320	189960	5727804
321	190585	5728225
322	191218	5728866
323	191851	5729490
324	192490	5730297
325	192990	5726967
326	193640	5728096
327	194197	5726463
328	194745	5724585
329	195409	5726086
330	195864	5721482
331	196454	5720842
332	196891	5715758
333	197582	5718055
334	198282	5720595
335	198838	5718979
336	199527	5721165
337	200112	5720367
338	200620	5717399
339	201243	5717672
340	201803	5716186
341	202481	5718023
342	202960	5714261
343	203595	5714890
344	204048	5710400
345	204657	5710290
346	205363	5712899
347	205836	5709017
348	206361	5706568
349	206848	5703102
350	207557	5705755
351	208274	5708619
352	208815	5706634
353	209469	5707735
354	210009	5705746
355	210657	5706683
356	211221	5705341
357	211790	5704135
358	212446	5705274
359	212973	5702950
360	213606	5703463
361	214116	5700710
362	214743	5701045
363	215405	5702325
364	215879	5698634
365	216565	5700511
366	217117	5698892
367	217830	5701469
368	218439	5701329
369	218917	5697760
370	219537	5697919
371	220027	5694699
372	220628	5694334
373	221149	5691931
374	221693	5690139
375	222342	5691017
376	222881	5689093
377	223518	5689662
378	224032	5687112
379	224640	5686948
380	225201	5685587
381	225760	5684212
382	226436	5685733
383	226944	5683067
384	227692	5686388
385	228379	5688186
386	228909	5686052
387	229585	5687564
388	230217	5687958
389	230741	5685717
390	231420	5687266
391	231952	5685200
392	232566	5685165
393	233065	5682313
394	233615	5680699
395	234240	5680915
396	234784	5679179
397	235376	5678611
398	235869	5675647
399	236494	5675879
400	237057	5674602
401	237657	5674210
402	238353	5676133
403	238818	5672527
404	239458	5673106
405	239945	5670035
406	240567	5670190
407	241106	5668358
408	241700	5667853
409	242339	5668389
410	242776	5664194
411	243418	5664794
412	243939	5662575
413	244508	5661494
414	245017	5659019
415	245589	5658009
416	246087	5655283
417	246714	5655536
418	247440	5658067
419	248153	5660256
420	248710	5658909
421	249325	5658869
422	249828	5656276
423	250475	5656967
424	251036	5655701
425	251602	5654570
426	252185	5653795
427	252704	5651613
428	253412	5653641
429	253889	5650514
430	254496	5650301
431	255038	5648635
432	255666	5648874
433	256306	5649382
434	256844	5647631
435	257541	5649376
436	258153	5649257
437	258728	5648318
438	259364	5648700
439	259907	5647073
440	260521	5646987
441	261097	5646083
442	261664	5644984
443	262285	5645044
444	262783	5642462
445	263372	5641845
446	263879	5639459
447	264555	5640701
448	265194	5641138
449	265741	5639628
450	266402	5640517
451	266839	5636691
452	267435	5636224
453	268194	5639164
454	268726	5637360
455	269411	5638738
456	269993	5637968
457	270762	5641085
458	271553	5644650
459	272321	5647709
460	273039	5649732
461	273691	5650365
462	274452	5653237
463	275085	5653487
464	275677	5652872
465	276275	5652376
466	276716	5648694
467	277365	5649244
468	278165	5652869
469	278673	5650553
470	279338	5651409
471	279817	5648510
472	280507	5649873
473	281070	5648688
474	281644	5647717
475	282244	5647267
476	282804	5646010
477	283421	5645898
478	283922	5643468
479	284554	5643660
480	285237	5644858
481	285744	5642565
482	286427	5643745
483	286984	5642448
484	287680	5643875
485	288361	5645002
486	288801	5641409
487	289416	5641247
488	289960	5639706
489	290604	5640105
490	291164	5638861
491	291730	5637742
492	292444	5639497
493	293019	5638549
494	293582	5637384
495	294142	5636141
496	294700	5634878
497	295308	5634590
498	295823	5632497
499	296515	5633799
500	297017	5631477
501	297659	5631811
502	298317	5632451
503	298849	5630696
504	299503	5631266
505	300051	5629820
506	300683	5629954
507	301318	5630153
508	301812	5627708
509	302432	5627625
510	302916	5624990
511	303537	5624922
512	304149	5624683
513	304710	5623506
514	305302	5622896
515	305804	5620644
516	306464	5621286
517	307002	5619692
518	307691	5620849
519	308261	5619835
520	308688	5616235
521	309240	5614899
522	309719	5612252
523	310376	5612847
524	310935	5611637
525	311555	5611551
526	311931	5607068
527	312522	5606466
528	313048	5604690
529	313634	5603992
530	314249	5603820
531	314815	5602761
532	315404	5602132
533	316023	5602021
534	316603	5601218
535	317231	5601266
536	317877	5601622
537	318537	5602242
538	319124	5601545
539	319642	5599658
540	320307	5600351
541	320763	5597374
542	321406	5597685
543	321892	5595248
544	322512	5595148
545	323102	5594528
546	323710	5594215
547	324364	5594690
548	324860	5592452
549	325528	5593178
550	326023	5590921
551	326585	5589824
552	327169	5589092
553	327808	5589309
554	328422	5589103
555	328996	5588209
556	329552	5587002
557	330129	5586177
558	330677	5584848
559	331316	5585042
560	331797	5582593
561	332375	5581773
562	332805	5578483
563	333473	5579182
564	333969	5576995
565	334606	5577166
566	335153	5575842
567	335675	5574102
568	336265	5573491
569	336768	5571458
570	337465	5572614
571	338171	5573910
572	338652	5571519
573	339322	5572215
574	339892	5571279
575	340524	5571354
576	341163	5571541
577	341711	5570258
578	342266	5569072
579	342750	5566736
580	343371	5566643
581	343919	5565357
582	344500	5564605
583	345040	5563185
584	345628	5562555
585	346251	5562476
586	346715	5559846
587	347380	5560451
588	348010	5560484
589	348654	5560748
590	349287	5560828
591	349707	5557521
592	350317	5557232
593	350847	5555675
594	351463	5555490
595	352099	5555608
596	352598	5553574
597	353269	5554245
598	353788	5552531
599	354401	5552283
600	354869	5549788
601	355506	5549916
602	356146	5550100
603	356677	5548582
604	357347	5549215
605	357946	5548758
606	358563	5548573
607	359183	5548438
608	359752	5547506
609	360356	5547120
610	360815	5544509
611	361510	5545521
612	362060	5544305
613	362643	5543598
614	363281	5543740
615	363739	5541115
616	364384	5541365
617	364880	5539337
618	365519	5539483
619	366071	5538303
620	366545	5535951
621	367153	5535629
622	367789	5535732
623	368425	5535836
624	368955	5534328
625	369552	5533841
626	370247	5534815
627	370738	5532736
628	371357	5532583
629	371873	5530880
630	372539	5531414
631	373175	5531496
632	373691	5529800
633	374380	5530669
634	374891	5528906
635	375518	5528860
636	376132	5528618
637	376664	5527166
638	377311	5527401
639	378000	5528255
640	378579	5527496
641	379179	5527046
642	379656	5524802
643	380306	5525075
644	380807	5523190
645	381461	5523520
646	382010	5522327
647	382578	5521403
648	383189	5521112
649	383730	5519816
650	384343	5519551
651	384864	5517969
652	385498	5518006
653	386128	5517976
654	386628	5516099
655	387112	5513989
656	387778	5514488
657	388390	5514205
658	388944	5513098
659	389508	5512141
660	390062	5511030
661	390717	5511365
662	391517	5513721
663	392253	5515177
664	392956	5516161
665	393689	5517559
666	394387	5518464
667	395117	5519810
668	395811	5520654
669	396473	5521045
670	397095	5520870
671	397693	5520360
672	398409	5521500
673	399002	5520922
674	399506	5519106
675	400082	5518300
676	400620	5516970
677	401278	5517285
678	401846	5516357
679	402472	5516244
680	403085	5515943
681	403618	5514544
682	404288	5515016
683	404832	5513773
684	405493	5514120
685	406144	5514335
686	406651	5512590
687	407251	5512102
688	407881	5512022
689	408456	5511198
690	408934	5509082
691	409519	5508396
692	410139	5508178
693	410616	5506050
694	411242	5505914
695	411719	5503783
696	412364	5503907
697	412862	5502078
698	413484	5501886
699	414031	5500706
700	414565	5499347
701	415238	5499845
702	415756	5498274
703	416433	5498820
704	417026	5498240
705	417646	5498026
706	418307	5498346
707	418701	5495162
708	419333	5495107
709	419742	5492120
710	420429	5492789
711	420995	5491864
712	421583	5491232
713	422219	5491223
714	422710	5489321
715	423353	5489400
716	423824	5487257
717	424391	5486347
718	424876	5484393
719	425549	5484857
720	426107	5483839
721	426626	5482323
722	427273	5482450
723	427869	5481930
724	428500	5481845
725	429186	5482472
726	429718	5481132
727	430348	5481035
728	430848	5479277
729	431462	5478985
730	431897	5476418
731	432440	5475222
732	432993	5474147
733	433541	5473014
734	434066	5471595
735	434553	5469710
736	435169	5469430
737	435717	5468311
738	436289	5467493
739	436743	5465189
740	437461	5466205
741	438153	5466874
742	438653	5465161
743	439314	5465452
744	439793	5463480
745	440418	5463310
746	440903	5461416
747	441473	5460583
748	442020	5459458
749	442609	5458855
750	443224	5458567
751	443786	5457633
752	444379	5457071
753	444953	5456287
754	445550	5455780
755	446068	5454312
756	446655	5453683
757	447313	5453923
758	447952	5453924
759	448521	5453076
760	449088	5452204
761	449567	5450272
762	450255	5450863
763	450751	5449133
764	451413	5449418
765	451994	5448711
766	452572	5447977
767	453174	5447529
768	453586	5444805
769	454195	5444445
770	454701	5442855
771	455370	5443209
772	455963	5442663
773	456583	5442422
774	457176	5441878
775	457764	5441263
776	458403	5441258
777	458993	5440660
778	459567	5439885
779	460175	5439509
780	460613	5437131
781	461251	5437104
782	461717	5435057
783	462342	5434878
784	462806	5432819
785	463438	5432730
786	464017	5432008
787	464606	5431418
788	465239	5431332
789	465722	5429501
790	466367	5429556
791	466815	5427319
792	467482	5427630
793	468136	5427787
794	468686	5426736
795	469354	5427055
796	469885	5425795
797	470496	5425444
798	471130	5425366
799	471679	5424308
800	472258	5423606
801	472744	5421822
802	473372	5421682
803	473924	5420658
804	474508	5420001
805	475208	5420682
806	475724	5419249
807	476348	5419058
808	476871	5417712
809	477533	5417938
810	478270	5419018
811	478739	5417071
812	479434	5417670
813	480010	5416926
814	480556	5415837
815	481145	5415246
816	481678	5414014
817	482322	5414043
818	482889	5413196
819	483469	5412498
820	484122	5412617
821	484578	5410533
822	485272	5411110
823	485690	5408607
824	486361	5408932
825	486952	5408355
826	487590	5408302
827	488268	5408695
828	488828	5407773
829	489478	5407852
830	490113	5407762
831	490651	5406600
832	491290	5406550
833	491904	5406230
834	492487	5405567
835	493108	5405319
836	493603	5403687
837	494190	5403075
838	494679	5401378
839	495350	5401683
840	495849	5400098
841	496445	5399576
842	497030	5398938
843	497683	5399041
844	498324	5399004
845	498824	5397451
846	499462	5397375
847	500090	5397200
848	500644	5396227
849	501290	5396246
850	501791	5394701
851	502474	5395114
852	502980	5393629
853	503586	5393215
854	504187	5392742
855	504667	5390982
856	505356	5391456
857	505781	5389102
858	506422	5389068
859	506965	5387979
860	507551	5387351
861	508242	5387844
862	508700	5385863
863	509289	5385261
864	509744	5383256
865	510412	5383500
866	510886	5381689
867	511512	5381493
868	512170	5381622
869	512695	5380359
870	513417	5381160
871	514105	5381601
872	514894	5383093
873	515504	5382721
874	516225	5383498
875	516988	5384711
876	517700	5385385
877	518476	5386727
878	519216	5387681
879	519739	5386391
880	520339	5385892
881	520988	5385912
882	521589	5385425
883	522208	5385126
884	522619	5382682
885	523292	5382939
886	523765	5381145
887	524380	5380807
888	524960	5380107
889	525515	5379155
890	526129	5378799
891	526609	5377087
892	527250	5377015
893	527893	5376956
894	528467	5376196
895	529085	5375891
896	529620	5374731
897	530293	5374978
898	530733	5372869
899	531406	5373109
900	531939	5371937
901	532523	5371284
902	533136	5370923
903	533665	5369717
904	534308	5369647
905	534781	5367881
906	535382	5367398
907	535921	5366294
908	536536	5365955
909	537134	5365444
910	537720	5364809
911	538297	5364090
912	538772	5362351
913	539357	5361708
914	539902	5360671
915	540519	5360345
916	541180	5360462
917	541722	5359398
918	542436	5360029
919	543025	5359424
920	543557	5358265
921	544203	5358217
922	544710	5356811
923	545346	5356671
924	545914	5355859
925	546538	5355608
926	547119	5354923
927	547723	5354465
928	548302	5353767
929	548835	5352626
930	549340	5351205
931	549919	5350507
932	550471	5349542
933	550960	5347973
934	551556	5347444
935	552118	5346584
936	552645	5345385
937	553327	5345683
938	553767	5343654
939	554369	5343174
940	554912	5342135
941	555505	5341582
942	556156	5341576
943	556668	5340241
944	557309	5340147
945	557897	5339539
946	558522	5339283
947	559148	5339045
948	559653	5337642
949	560319	5337780
950	560767	5335843
951	561325	5334949
952	561828	5333539
953	562448	5333233
954	563086	5333108
955	563631	5332097
956	564283	5332099
957	564770	5330540
958	565439	5330699
959	566103	5330804
960	566673	5330037
961	567303	5329824
962	568031	5330526
963	568522	5329014
964	569163	5328907
965	569672	5327557
966	570288	5327209
967	570873	5326577
968	571431	5325690
969	572014	5325043
970	572546	5323911
971	573259	5324475
972	573852	5323910
973	574440	5323308
974	575085	5323231
975	575617	5322107
976	576294	5322321
977	576779	5320760
978	577471	5321113
979	578146	5321304
980	578657	5319990
981	579296	5319848
982	579745	5317967
983	580361	5317625
984	580900	5316565
985	581530	5316349
986	582142	5315960
987	582608	5314238
988	583218	5313831
989	583749	5312711
990	584366	5312371
991	584948	5311709
992	585538	5311124
993	586184	5311045
994	586623	5309090
995	587318	5309450
996	587964	5309373
997	588452	5307864
998	589052	5307368
999	589607	5306471
1000	590227	5306152
1001	590759	5305044
1002	591312	5304128
1003	591930	5303789
1004	592501	5303033
1005	593042	5302011
1006	593576	5300923
1007	594245	5301045
1008	594758	5299776
1009	595403	5299677
1010	596031	5299436
1011	596559	5298297
1012	597162	5297824
1013	597797	5297636
1014	598367	5296879
1015	598929	5296043
1016	599480	5295115
1017	600055	5294397
1018	600641	5293782
1019	601318	5293959
1020	601923	5293507
1021	602500	5292805
1022	603154	5292783
1023	603650	5291370
1024	604271	5291060
1025	604845	5290337
1026	605394	5289394
1027	606047	5289353
1028	606578	5288257
1029	607173	5287718
1030	607756	5287068
1031	608350	5286520
1032	608950	5286020
1033	609470	5284827
1034	610113	5284705
1035	610606	5283281
1036	611213	5282845
1037	611728	5281612
1038	612339	5281206
1039	612832	5279784
1040	613462	5279549
1041	614025	5278735
1042	614548	5277573
1043	615137	5276981
1044	615608	5275386
1045	616369	5276263
1046	617106	5276938
1047	617804	5277274
1048	618520	5277770
1049	619305	5278841
1050	619950	5278724
1051	620564	5278337
1052	621315	5279117
1053	621934	5278774
1054	622485	5277847
1055	623054	5277082
1056	623553	5275720
1057	624230	5275867
1058	624708	5274333
1059	625307	5273821
1060	625854	5272872
1061	626397	5271880
1062	627003	5271430
1063	627615	5271022
1064	628278	5271050
1065	628751	5269476
1066	629421	5269564
1067	629932	5268315
1068	630482	5267392
1069	631130	5267288
1070	631668	5266267
1071	632312	5266124
1072	632898	5265501
1073	633440	5264518
1074	634032	5263940
1075	634544	5262705
1076	635216	5262797
1077	635684	5261207
1078	636244	5260372
1079	636748	5259068
1080	637451	5259415
1081	638152	5259742
1082	638730	5259057
1083	639371	5258889
1084	639932	5258062
1085	640469	5257041
1086	641100	5256789
1087	641598	5255449
1088	642243	5255312
1089	642747	5254019
1090	643384	5253814
1091	644073	5254032
1092	644561	5252617
1093	645174	5252214
1094	645610	5250374
1095	646269	5250346
1096	646827	5249504
1097	647509	5249658
1098	648225	5250093
1099	648632	5248023
1100	649290	5247988
1101	649856	5247209
1102	650475	5246858
1103	651101	5246559
1104	651588	5245141
1105	652234	5245000
1106	652711	5243507
1107	653366	5243440
1108	653961	5242895
1109	654442	5241433
1110	654872	5239573
1111	655427	5238704
1112	656055	5238420
1113	656612	5237574
1114	657282	5237629
1115	657994	5238010
1116	658526	5236968
1117	659248	5237431
1118	659902	5237350
1119	660460	5236511
1120	661130	5236554
1121	661673	5235593
1122	662383	5235952
1123	663021	5235749
1124	663535	5234554
1125	664169	5234319
1126	664713	5233364
1127	665369	5233296
1128	665961	5232723
1129	666480	5231580
1130	667166	5231738
1131	667752	5231123
1132	668401	5230994
1133	669054	5230894
1134	669559	5229641
1135	670226	5229653
1136	670721	5228326
1137	671398	5228413
1138	671931	5227382
1139	672412	5225943
1140	673005	5225376
1141	673565	5224559
1142	674148	5223914
1143	674622	5222425
1144	675283	5222387
1145	675843	5221572
1146	676455	5221151
1147	677084	5220865
1148	677666	5220216
1149	678315	5220080
1150	678923	5219628
1151	679496	5218911
1152	680159	5218879
1153	680719	5218062
1154	681345	5217751
1155	681926	5217094
1156	682455	5216033
1157	683100	5215866
1158	683571	5214372
1159	684209	5214151
1160	684755	5213223
1161	685386	5212949
1162	686030	5212767
1163	686558	5211712
1164	687197	5211495
1165	687784	5210883
1166	688354	5210141
1167	688944	5209554
1168	689491	5208636
1169	690131	5208430
1170	690642	5207240
1171	691251	5206801
1172	691820	5206050
1173	692381	5205242
1174	692959	5204566
1175	693549	5203981
1176	694186	5203744
1177	694619	5201978
1178	695266	5201816
1179	695789	5200732
1180	696371	5200087
1181	696987	5199690
1182	697605	5199311
1183	698260	5199209
1184	698840	5198544
1185	699389	5197658
1186	700050	5197598
1187	700535	5196229
1188	701116	5195573
1189	701580	5194053
1190	702236	5193957
1191	702843	5193495
1192	703385	5192556
1193	703953	5191802
1194	704444	5190489
1195	705058	5190078
1196	705570	5188920
1197	706204	5188657
1198	706763	5187845
1199	707351	5187242
1200	708034	5187343
1201	708540	5186140
1202	709193	5186014
1203	709691	5184752
1204	710337	5184577
1205	710977	5184361
1206	711492	5183228
1207	712191	5183430
1208	712756	5182666
1209	713440	5182764
1210	714027	5182153
1211	714584	5181328
1212	715229	5181138
1213	715929	5181344
1214	716446	5180236
1215	717003	5179405
1216	717628	5179073
1217	718292	5179019
1218	718888	5178474
1219	719391	5177257
1220	719943	5176403
1221	720480	5175435
1222	721122	5175218
1223	721568	5173601
1224	722187	5173221
1225	722598	5171353
1226	723198	5170837
1227	723715	5169732
1228	724282	5168984
1229	724913	5168690
1230	725468	5167859
1231	726040	5167145
1232	726515	5165746
1233	727126	5165305
1234	727700	5164611
1235	728328	5164299
1236	728919	5163718
1237	729445	5162681
1238	730149	5162905
1239	730581	5161204
1240	731218	5160955
1241	731795	5160279
1242	732388	5159712
1243	733039	5159560
1244	733533	5158298
1245	734238	5158526
1246	734790	5157674
1247	735447	5157561
1248	736152	5157780
1249	736637	5156462
1250	737289	5156314
1251	738023	5156731
1252	738507	5155406
1253	739140	5155121
1254	739796	5154995
1255	740525	5155377
1256	741272	5155882
1257	741930	5155770
1258	742725	5156604
1259	743430	5156808
1260	744112	5156856
1261	744673	5156064
1262	745271	5155533
1263	745905	5155246
1264	746459	5154403
1265	747104	5154197
1266	747712	5153727
1267	748316	5153236
1268	748894	5152561
1269	749445	5151699
1270	750036	5151117
1271	750639	5150614
1272	751301	5150520
1273	751928	5150178
1274	752430	5148982
1275	753046	5148572
1276	753451	5146718
1277	754140	5146801
1278	754625	5145498
1279	755207	5144851
1280	755747	5143922
1281	756338	5143338
1282	756953	5142917
1283	757549	5142368
1284	758177	5142033
1285	758586	5140217
1286	759256	5140171
1287	759890	5139878
1288	760422	5138900
1289	761117	5139015
1290	761653	5138062
1291	762238	5137442
1292	762731	5136200
1293	763334	5135694
1294	763987	5135530
1295	764417	5133867
1296	765041	5133502
1297	765491	5131980
1298	766130	5131715
1299	766615	5130427
1300	767278	5130325
1301	767887	5129867
1302	768489	5129359
1303	769163	5129330
1304	769625	5127885
1305	770207	5127245
1306	770774	5126502
1307	771405	5126189
1308	772024	5125792
1309	772602	5125123
1310	773276	5125097
1311	773808	5124122
1312	774370	5123346
1313	774975	5122862
1314	775526	5122016
1315	776219	5122102
1316	776737	5121040
1317	777424	5121093
1318	778070	5120870
1319	778528	5119413
1320	779192	5119314
1321	779717	5118293
1322	780317	5117775
1323	780917	5117249
1324	781360	5115701
1325	782049	5115759
1326	782495	5114227
1327	783119	5113864
1328	783586	5112474
1329	784172	5111860
1330	784724	5111026
1331	785336	5110582
1332	785989	5110403
1333	786477	5109157
1334	787157	5109152
1335	787766	5108692
1336	788358	5108118
1337	788952	5107550
1338	789496	5106670
1339	790119	5106297
1340	790641	5105267
1341	791201	5104489
1342	791805	5103992
1343	792352	5103130
1344	792997	5102891
1345	793439	5101356
1346	794059	5100965
1347	794476	5099266
1348	795093	5098853
1349	795633	5097945
1350	796243	5097493
1351	796794	5096658
1352	797353	5095870
1353	798026	5095820
1354	798529	5094677
1355	799247	5094909
1356	799800	5094087
1357	800381	5093441
1358	800937	5092640
1359	801473	5091713
1360	802074	5091200
1361	802585	5090112
1362	803227	5089856
1363	803804	5089193
1364	804365	5088422
1365	804946	5087781
1366	805475	5086812
1367	806186	5086987
1368	806613	5085379
1369	807235	5084997
1370	807896	5084857
1371	808425	5083886
1372	809075	5083683
1373	809633	5082896
1374	810237	5082399
1375	810850	5081955
1376	811345	5080777
1377	811999	5080595
1378	812506	5079488
1379	813095	5078901
1380	813624	5077934
1381	814211	5077335
1382	814749	5076428
1383	815326	5075758
1384	815938	5075312
1385	816423	5074075
1386	817095	5074007
1387	817727	5073681
1388	818307	5073033
1389	818958	5072827
1390	819478	5071808
1391	820180	5071921
1392	820724	5071050
1393	821334	5070589
1394	821927	5070023
1395	822449	5069023
1396	823043	5068466
1397	823617	5067781
1398	824254	5067486
1399	824925	5067396
1400	825452	5066429
1401	826097	5066179
1402	826584	5064967
1403	827221	5064667
1404	827887	5064550
1405	828367	5063293
1406	828992	5062920
1407	829393	5061183
1408	830020	5060824
1409	830519	5059690
1410	831168	5059466
1411	831771	5058958
1412	832268	5057810
1413	832965	5057880
1414	833374	5056198
1415	834016	5055929
1416	834446	5054377
1417	835071	5054006
1418	835456	5052187
1419	836122	5052065
1420	836597	5050790
1421	837298	5050879
1422	837912	5050441
1423	838355	5048975
1424	839032	5048917
1425	839524	5047745
1426	840169	5047496
1427	840654	5046280
1428	841312	5046110
1429	841965	5045907
1430	842751	5046498
1431	843535	5047077
1432	844314	5047619
1433	844946	5047289
1434	845708	5047732
1435	846393	5047713
1436	847112	5047895
1437	847777	5047757
1438	848314	5046853
1439	848921	5046367
1440	849388	5045049
1441	850002	5044606
1442	850520	5043591
1443	851130	5043126
1444	851740	5042659
1445	852242	5041553
1446	852870	5041187
1447	853378	5040119
1448	854026	5039874
1449	854516	5038699
1450	855198	5038657
1451	855857	5038480
1452	856409	5037666
1453	857075	5037531
1454	857792	5037687
1455	858324	5036761
1456	858913	5036166
1457	859438	5035203
1458	860065	5034832
1459	860551	5033634
1460	861199	5033390
1461	861771	5032700
1462	862320	5031873
1463	862939	5031458
1464	863469	5030523
1465	864095	5030145
1466	864647	5029336
1467	865198	5028522
1468	865823	5028141
1469	866336	5027111
1470	866940	5026604
1471	867521	5025964
1472	868138	5025537
1473	868669	5024613
1474	869282	5024156
1475	869951	5024027
1476	870433	5022817
1477	871066	5022484
1478	871531	5021177
1479	872132	5020652
1480	872624	5019505
1481	873259	5019182
1482	873931	5019066
1483	874414	5017866
1484	875029	5017422
1485	875541	5016395
1486	876232	5016386
1487	876881	5016137
1488	877546	5015980
1489	878233	5015949
1490	878846	5015497
1491	879410	5014764
1492	880026	5014322
1493	880504	5013097
1494	881165	5012918
1495	881746	5012282
1496	882300	5011487
1497	882942	5011199
1498	883463	5010221
1499	884128	5010058
1500	884609	5008860
1501	885200	5008280
1502	885873	5008161
1503	886396	5007196
1504	887110	5007310
1505	887836	5007492
1506	888427	5006909
1507	889085	5006707
1508	889589	5005635
1509	890210	5005226
1510	890823	5004764
1511	891323	5003674
1512	891964	5003370
1513	892507	5002522
1514	893159	5002281
1515	893721	5001536
1516	894301	5000896
1517	894911	5000421
1518	895427	4999419
1519	896040	4998965
1520	896540	4997873
1521	897164	4997478
1522	897901	4997708
1523	898376	4996480
1524	899009	4996135
1525	899502	4995010
1526	900105	4994496
1527	900680	4993825
1528	901257	4993167
1529	901954	4993174
1530	902440	4992009
1531	903055	4991561
1532	903609	4990778
1533	904259	4990519
1534	904889	4990154
1535	905375	4988996
1536	906069	4988979
1537	906618	4988168
1538	907296	4988064
1539	907941	4987783
1540	908489	4986967
1541	909089	4986434
1542	909497	4984846
1543	910137	4984533
1544	910646	4983506
1545	911239	4982935
1546	911880	4982629
1547	912354	4981409
1548	913048	4981389
1549	913488	4979986
1550	914117	4979609
1551	914744	4979226
1552	915256	4978216
1553	915923	4978052
1554	916421	4976966
1555	917085	4976781
1556	917728	4976483
1557	918270	4975632
1558	918927	4975410
1559	919412	4974255
1560	920020	4973766
1561	920456	4972348
1562	921068	4971882
1563	921527	4970594
1564	922108	4969960
1565	922619	4968945
1566	923240	4968530
1567	923876	4968193
1568	924352	4966995
1569	924961	4966515
1570	925484	4965570
1571	926099	4965120
1572	926617	4964148
1573	927330	4964223
1574	927968	4963895
1575	928490	4962946
1576	929137	4962664
1577	929677	4961813
1578	930315	4961485
1579	930961	4961201
1580	931477	4960221
1581	932158	4960121
1582	932676	4959152
1583	933198	4958205
1584	933818	4957779
1585	934334	4956804
1586	935000	4956620
1587	935477	4955437
1588	936101	4955035
1589	936643	4954195
1590	937249	4953697
1591	937928	4953582
1592	938416	4952456
1593	939066	4952193
1594	939544	4951015
1595	940129	4950408
1596	940667	4949550
1597	941280	4949083
1598	941936	4948847
1599	942436	4947793
1600	943038	4947268
1601	943484	4945933
1602	944080	4945379
1603	944735	4945134
1604	945406	4944978
1605	946189	4945399
1606	947045	4946204
1607	947771	4946328
1608	948444	4946177
1609	949145	4946168
1610	949825	4946048
1611	950419	4945483
1612	951075	4945240
1613	951614	4944385
1614	952186	4943706
1615	952844	4943470
1616	953383	4942617
1617	953989	4942115
1618	954474	4940980
1619	955061	4940377
1620	955547	4939252
1621	956169	4938831
1622	956825	4938589
1623	957442	4938141
1624	958109	4937948
1625	958672	4937222
1626	959279	4936722
1627	959937	4936484
1628	960486	4935687
1629	961104	4935244
1630	961704	4934707
1631	962244	4933860
1632	962826	4933234
1633	963299	4932047
1634	963996	4932004
1635	964402	4930476
1636	965072	4930298
1637	965671	4929758
1638	966235	4929040
1639	966880	4928734
1640	967474	4928166
1641	968152	4928027
1642	968739	4927424
1643	969259	4926477
1644	969854	4925915
1645	970400	4925106
1646	971044	4924794
1647	971608	4924075
1648	972246	4923730
1649	972893	4923431
1650	973354	4922190
1651	973982	4921794
1652	974505	4920871
1653	975173	4920674
1654	975832	4920436
1655	976301	4919240
1656	976936	4918878
1657	977521	4918264
1658	978161	4917931
1659	978855	4917866
1660	979358	4916838
1661	980023	4916629
1662	980576	4915856
1663	981117	4915022
1664	981689	4914345
1665	982289	4913803
1666	982893	4913288
1667	983411	4912339
1668	984059	4912043
1669	984611	4911264
1670	985179	4910570
1671	985809	4910182
1672	986237	4908788
1673	986881	4908467
1674	987494	4907994
1675	988162	4907793
1676	988800	4907447
1677	989299	4906404
1678	989923	4905988
1679	990469	4905184
1680	991165	4905121
1681	991823	4904870
1682	992298	4903713
1683	992821	4902791
1684	993348	4901893
1685	994062	4901918
1686	994610	4901125
1687	995159	4900333
1688	995766	4899832
1689	996276	4898848
1690	996879	4898329
1691	997441	4897601
1692	998040	4897057
1693	998575	4896201
1694	999161	4895598
1695	999734	4894927
1696	1000304	4894241
1697	1000959	4893972
1698	1001409	4892699
1699	1002087	4892543
1700	1002684	4891993
1701	1003238	4891230
1702	1003907	4891027
1703	1004437	4890149
1704	1005056	4889705
1705	1005645	4889109
1706	1006131	4888017
1707	1006711	4887385
1708	1007320	4886889
1709	1007917	4886335
1710	1008462	4885531
1711	1009076	4885064
1712	1009588	4884100
1713	1010227	4883749
1714	1010798	4883070
1715	1011314	4882125
1716	1011964	4881827
1717	1012433	4880662
1718	1013079	4880346
1719	1013659	4879711
1720	1014220	4878982
1721	1014917	4878911
1722	1015334	4877492
1723	1015966	4877111
1724	1016480	4876160
1725	1017151	4875961
1726	1017836	4875833
1727	1018363	4874945
1728	1019022	4874687
1729	1019571	4873903
1730	1020142	4873229
1731	1020758	4872765
1732	1021306	4871981
1733	1021912	4871470
1734	1022434	4870559
1735	1023020	4869956
1736	1023426	4868493
1737	1024061	4868119
1738	1024670	4867628
1739	1025246	4866974
1740	1025899	4866688
1741	1026399	4865676
1742	1027093	4865583
1743	1027807	4865585
1744	1028309	4864581
1745	1028949	4864230
1746	1029458	4863264
1747	1030119	4863010
1748	1030740	4862572
1749	1031319	4861934
1750	1031941	4861501
1751	1032388	4860241
1752	1033031	4859902
1753	1033671	4859554
1754	1034180	4858584
1755	1034832	4858290
1756	1035272	4857003
1757	1035933	4856747
1758	1036344	4855322
1759	1037061	4855332
1760	1037789	4855394
1761	1038284	4854360
1762	1038971	4854231
1763	1039547	4853578
1764	1040099	4852817
1765	1040744	4852485
1766	1041314	4851805
1767	1041948	4851423
1768	1042420	4850288
1769	1043021	4849753
1770	1043585	4849049
1771	1044168	4848432
1772	1044791	4847998
1773	1045322	4847139
1774	1045949	4846725
1775	1046539	4846136
1776	1047241	4846068
1777	1047869	4845660
1778	1048293	4844305
1779	1048974	4844142
1780	1049467	4843106
1781	1050091	4842677
1782	1050699	4842176
1783	1051290	4841594
1784	1051903	4841112
1785	1052387	4840039
1786	1052983	4839479
1787	1053540	4838745
1788	1054157	4838284
1789	1054758	4837746
1790	1055223	4836587
1791	1055770	4835807
1792	1056293	4834912
1793	1056908	4834441
1794	1057544	4834070
1795	1058163	4833614
1796	1058785	4833177
1797	1059230	4831927
1798	1059859	4831520
1799	1060364	4830549
1800	1060982	4830091
1801	1061394	4828697
1802	1062041	4828372
1803	1062651	4827877
1804	1063119	4826737
1805	1063715	4826182
1806	1064195	4825097
1807	1064797	4824567
1808	1065266	4823439
1809	1065876	4822945
1810	1066358	4821870
1811	1067071	4821846
1812	1067831	4822027
1813	1068568	4822106
1814	1069285	4822096
1815	1069879	4821526
1816	1070704	4822000
1817	1071339	4821616
1818	1071967	4821201
1819	1072669	4821118
1820	1073221	4820359
1821	1073922	4820273
1822	1074463	4819466
1823	1075102	4819099
1824	1075626	4818215
1825	1076180	4817467
1826	1076855	4817263
1827	1077521	4817014
1828	1078167	4816681
1829	1078813	4816344
1830	1079275	4815183
1831	1079932	4814893
1832	1080423	4813867
1833	1081029	4813352
1834	1081625	4812792
1835	1082156	4811940
1836	1082769	4811458
1837	1083199	4810161
1838	1083858	4809880
1839	1084383	4809003
1840	1085030	4808670
1841	1085542	4807741
1842	1086177	4807350
1843	1086825	4807021
1844	1087517	4806886
1845	1088133	4806412
1846	1088744	4805919
1847	1089273	4805065
1848	1089944	4804834
1849	1090501	4804100
1850	1091105	4803577
1851	1091731	4803146
1852	1092226	4802139
1853	1092660	4800870
1854	1093248	4800274
1855	1093918	4800041
1856	1094462	4799250
1857	1095083	4798801
1858	1095767	4798622
1859	1096211	4797398
1860	1096920	4797333
1861	1097514	4796761
1862	1098102	4796166
1863	1098755	4795856
1864	1099250	4794855
1865	1099869	4794394
1866	1100360	4793375
1867	1100965	4792854
1868	1101520	4792115
1869	1102033	4791195
1870	1102665	4790791
1871	1103179	4789872
1872	1103801	4789424
1873	1104271	4788319
1874	1104940	4788076
1875	1105560	4787618
1876	1106128	4786937
1877	1106760	4786534
1878	1107248	4785504
1879	1107837	4784913
1880	1108374	4784098
1881	1108986	4783609
1882	1109499	4782692
1883	1110061	4781985
1884	1110767	4781899
1885	1111303	4781081
1886	1111895	4780501
1887	1112419	4779633
1888	1113061	4779269
1889	1113593	4778433
1890	1114076	4777390
1891	1114674	4776838
1892	1115165	4775831
1893	1115796	4775419
1894	1116363	4774736
1895	1117037	4774508
1896	1117699	4774232
1897	1118233	4773408
1898	1118912	4773202
1899	1119544	4772796
1900	1120106	4772088
1901	1120793	4771916
1902	1121325	4771084
1903	1121953	4770659
1904	1122591	4770277
1905	1123086	4769287
1906	1123767	4769089
1907	1124307	4768290
1908	1124951	4767932
1909	1125444	4766936
1910	1126021	4766293
1911	1126669	4765953
1912	1127221	4765207
1913	1127830	4764700
1914	1128269	4763476
1915	1128893	4763034
1916	1129429	4762223
1917	1130026	4761666
1918	1130716	4761499
1919	1131209	4760506
1920	1131907	4760374
1921	1132417	4759453
1922	1133057	4759075
1923	1133565	4758145
1924	1134170	4757626
1925	1134817	4757275
1926	1135280	4756161
1927	1135940	4755866
1928	1136569	4755442
1929	1137162	4754870
1930	1137785	4754423
1931	1138327	4753637
1932	1138909	4753016
1933	1139350	4751811
1934	1139940	4751224
1935	1140553	4750733
1936	1141115	4750031
1937	1141773	4749731
1938	1142247	4748664
1939	1142883	4748267
1940	1143315	4747027
1941	1143956	4746652
1942	1144595	4746270
1943	1145180	4745664
1944	1145828	4745320
1945	1146409	4744699
1946	1147016	4744183
1947	1147713	4744039
1948	1148171	4742907
1949	1148786	4742425
1950	1149201	4741116
1951	1149901	4740986
1952	1150473	4740329
1953	1151017	4739552
1954	1151656	4739171
1955	1152162	4738240
1956	1152816	4737915
1957	1153270	4736772
1958	1153953	4736571
1959	1154577	4736122
1960	1155076	4735165
1961	1155687	4734666
1962	1156168	4733635
1963	1156775	4733121
1964	1157445	4732863
1965	1158017	4732204
1966	1158633	4731724
1967	1159115	4730700
1968	1159759	4730332
1969	1160219	4729220
1970	1160810	4728638
1971	1161288	4727596
1972	1161904	4727119
1973	1162315	4725809
1974	1162949	4725400
1975	1163502	4724666
1976	1164022	4723800
1977	1164693	4723545
1978	1165137	4722367
1979	1165775	4721981
1980	1166264	4720987
1981	1166932	4720717
1982	1167516	4720109
1983	1168005	4719120
1984	1168685	4718898
1985	1169179	4717926
1986	1169887	4717820
1987	1170602	4717741
1988	1171403	4718005
1989	1172095	4717832
1990	1172801	4717713
1991	1173501	4717570
1992	1174177	4717331
1993	1174885	4717217
1994	1175479	4716649
1995	1176117	4716253
1996	1176714	4715696
1997	1177325	4715193
1998	1177975	4714848
1999	1178682	4714731
2000	1179195	4713834
2001	1179817	4713377
2002	1180241	4712126
2003	1180914	4711872
2004	1181347	4710661
2005	1182001	4710330
2006	1182592	4709747
2007	1183111	4708877
2008	1183754	4708501
2009	1184280	4707661
2010	1184921	4707279
2011	1185523	4706738
2012	1186060	4705943
2013	1186654	4705373
2014	1187316	4705072
2015	1187899	4704460
2016	1188441	4703682
2017	1189004	4702989
2018	1189675	4702722
2019	1190157	4701710
2020	1190841	4701494
2021	1191347	4700580
2022	1191984	4700178
2023	1192644	4699865
2024	1193175	4699049
2025	1193875	4698896
2026	1194449	4698246
2027	1194954	4697324
2028	1195593	4696932
2029	1196141	4696179
2030	1196834	4695998
2031	1197480	4695633
2032	1198027	4694878
2033	1198640	4694382
2034	1199123	4693374
2035	1199829	4693242
2036	1200444	4692752
2037	1201064	4692284
2038	1201751	4692076
2039	1202187	4690889
2040	1202863	4690635
2041	1203441	4690003
2042	1203990	4689257
2043	1204537	4688501
2044	1205085	4687751
2045	1205790	4687615
2046	1206295	4686698
2047	1206912	4686213
2048	1207623	4686097
2049	1208110	4685109
2050	1208761	4684760
2051	1209257	4683809
2052	1209962	4683667
2053	1210587	4683216
2054	1211108	4682361
2055	1211757	4682004
2056	1212257	4681071
2057	1212899	4680683
2058	1213409	4679787
2059	1214031	4679325
2060	1214617	4678723
2061	1215169	4677989
2062	1215876	4677854
2063	1216417	4677077
2064	1217003	4676475
2065	1217666	4676171
2066	1218186	4675314
2067	1218862	4675057
2068	1219373	4674167
2069	1219939	4673486
2070	1220537	4672930
2071	1221066	4672110
2072	1221702	4671701
2073	1222134	4670511
2074	1222707	4669858
2075	1223257	4669120
2076	1223962	4668973
2077	1224530	4668301
2078	1225096	4667623
2079	1225774	4667373
2080	1226363	4666782
2081	1227008	4666405
2082	1227725	4666298
2083	1228174	4665178
2084	1228848	4664908
2085	1229388	4664133
2086	1229962	4663484
2087	1230649	4663265
2088	1231135	4662285
2089	1231812	4662027
2090	1232414	4661485
2091	1232981	4660810
2092	1233583	4660270
2093	1234048	4659209
2094	1234685	4658803
2095	1235164	4657795
2096	1235795	4657364
2097	1236301	4656459
2098	1236995	4656264
2099	1237706	4656134
2100	1238168	4655066
2101	1238843	4654798
2102	1239376	4653996
2103	1239979	4653460
2104	1240602	4652995
2105	1241052	4651885
2106	1241638	4651284
2107	1242128	4650321
2108	1242740	4649818
2109	1243206	4648766
2110	1243860	4648418
2111	1244357	4647487
2112	1244904	4646740
2113	1245495	4646158
2114	1246080	4645554
2115	1246698	4645069
2116	1247252	4644349
2117	1247860	4643833
2118	1248374	4642965
2119	1248985	4642456
2120	1249677	4642247
2121	1250191	4641378
2122	1250881	4641164
2123	1251414	4640368
2124	1252039	4639910
2125	1252659	4639436
2126	1253165	4638537
2127	1253764	4637986
2128	1254180	4636756
2129	1254854	4636479
2130	1255511	4636141
2131	1255985	4635127
2132	1256644	4634798
2133	1257195	4634068
2134	1257867	4633782
2135	1258463	4633218
2136	1258896	4632057
2137	1259507	4631546
2138	1260019	4630674
2139	1260667	4630301
2140	1261109	4629172
2141	1261707	4628618
2142	1262231	4627789
2143	1262819	4627197
2144	1263371	4626473
2145	1263977	4625945
2146	1264576	4625393
2147	1265053	4624393
2148	1265706	4624039
2149	1266233	4623223
2150	1266885	4622866
2151	1267546	4622541
2152	1268105	4621840
2153	1268733	4621394
2154	1269176	4620273
2155	1269806	4619833
2156	1270330	4619008
2157	1270875	4618262
2158	1271408	4617466
2159	1271917	4616590
2160	1272664	4616573
2161	1273379	4616443
2162	1274209	4616726
2163	1274963	4616732
2164	1275691	4616647
2165	1276387	4616444
2166	1277190	4616628
2167	1277888	4616429
2168	1278503	4615932
2169	1279029	4615114
2170	1279687	4614773
2171	1280152	4613734
2172	1280847	4613527
2173	1281428	4612906
2174	1281996	4612240
2175	1282656	4611904
2176	1283159	4611005
2177	1283758	4610447
2178	1284223	4609413
2179	1284847	4608949
2180	1285459	4608438
2181	1286042	4607827
2182	1286647	4607295
2183	1287189	4606536
2184	1287765	4605898
2185	1288328	4605214
2186	1289014	4604970
2187	1289690	4604689
2188	1290159	4603670
2189	1290813	4603311
2190	1291398	4602707
2191	1291990	4602128
2192	1292650	4601788
2193	1293214	4601108
2194	1293877	4600782
2195	1294432	4600070
2196	1295003	4599415
2197	1295662	4599070
2198	1296135	4598069
2199	1296834	4597866
2200	1297470	4597444
2201	1297895	4596272
2202	1298466	4595618
2203	1298944	4594632
2204	1299605	4594296
2205	1300142	4593522
2206	1300772	4593075
2207	1301319	4592336
2208	1301818	4591429
2209	1302362	4590681
2210	1302963	4590132
2211	1303593	4589686
2212	1304070	4588703
2213	1304714	4588306
2214	1305148	4587169
2215	1305790	4586764
2216	1306317	4585959
2217	1307027	4585792
2218	1307704	4585512
2219	1308161	4584459
2220	1308872	4584295
2221	1309488	4583799
2222	1310043	4583088
2223	1310639	4582524
2224	1311172	4581738
2225	1311804	4581298
2226	1312367	4580614
2227	1312920	4579901
2228	1313561	4579491
2229	1314050	4578551
2230	1314657	4578026
2231	1315116	4576982
2232	1315715	4576428
2233	1316269	4575714
2234	1316938	4575402
2235	1317619	4575133
2236	1318058	4574022
2237	1318670	4573513
2238	1319163	4572588
2239	1319804	4572178
2240	1320345	4571425
2241	1320950	4570889
2242	1321594	4570488
2243	1322071	4569512
2244	1322754	4569249
2245	1323349	4568678
2246	1323939	4568090
2247	1324601	4567752
2248	1325103	4566864
2249	1325776	4566562
2250	1326353	4565933
2251	1326992	4565515
2252	1327662	4565202
2253	1328097	4564081
2254	1328762	4563754
2255	1329210	4562680
2256	1329885	4562384
2257	1330432	4561649
2258	1330853	4560485
2259	1331482	4560033
2260	1332047	4559361
2261	1332656	4558841
2262	1333174	4558008
2263	1333859	4557747
2264	1334425	4557076
2265	1334981	4556376
2266	1335687	4556185
2267	1336195	4555317
2268	1336773	4554692
2269	1337466	4554456
2270	1338001	4553681
2271	1338640	4553264
2272	1339120	4552302
2273	1339775	4551938
2274	1340326	4551218
2275	1340885	4550528
2276	1341472	4549931
2277	1341942	4548937
2278	1342613	4548625
2279	1343153	4547869
2280	1343760	4547340
2281	1344326	4546673
2282	1344853	4545875
2283	1345465	4545363
2284	1346013	4544635
2285	1346672	4544284
2286	1347394	4544142
2287	1347972	4543515
2288	1348685	4543343
2289	1349079	4542098
2290	1349733	4541726
2291	1350313	4541107
2292	1350908	4540538
2293	1351562	4540167
2294	1352043	4539214
2295	1352670	4538749
2296	1353248	4538126
2297	1353853	4537587
2298	1354502	4537200
2299	1354986	4536259
2300	1355684	4536033
2301	1356113	4534908
2302	1356790	4534615
2303	1357409	4534126
2304	1357995	4533525
2305	1358596	4532974
2306	1359115	4532153
2307	1359771	4531784
2308	1360338	4531121
2309	1360981	4530711
2310	1361636	4530344
2311	1362096	4529324
2312	1362685	4528735
2313	1363281	4528168
2314	1363881	4527614
2315	1364515	4527173
2316	1365062	4526446
2317	1365747	4526174
2318	1366317	4525521
2319	1366882	4524853
2320	1367518	4524417
2321	1368113	4523848
2322	1368809	4523612
2323	1369368	4522921
2324	1369947	4522300
2325	1370648	4522079
2326	1371153	4521212
2327	1371840	4520944
2328	1372434	4520371
2329	1372979	4519637
2330	1373588	4519111
2331	1374072	4518175
2332	1374718	4517773
2333	1375286	4517114
2334	1375866	4516494
2335	1376460	4515923
2336	1377112	4515537
2337	1377770	4515173
2338	1378332	4514495
2339	1378915	4513885
2340	1379590	4513578
2341	1380123	4512802
2342	1380811	4512536
2343	1381388	4511907
2344	1381954	4511243
2345	1382628	4510928
2346	1383098	4509951
2347	1383773	4509640
2348	1384393	4509149
2349	1384893	4508271
2350	1385550	4507900
2351	1386061	4507056
2352	1386704	4506643
2353	1387297	4506064
2354	1387875	4505438
2355	1388514	4505012
2356	1389021	4504153
2357	1389664	4503739
2358	1390167	4502868
2359	1390824	4502500
2360	1391431	4501967
2361	1391913	4501031
2362	1392542	4500568
2363	1393033	4499664
2364	1393653	4499174
2365	1394241	4498579
2366	1394907	4498238
2367	1395524	4497738
2368	1396250	4497589
2369	1396905	4497210
2370	1397688	4497244
2371	1398429	4497141
2372	1399173	4497047
2373	1399847	4496731
2374	1400576	4496588
2375	1401065	4495676
2376	1401738	4495352
2377	1402322	4494744
2378	1402899	4494113
2379	1403496	4493546
2380	1404051	4492845
2381	1404664	4492332
2382	1405113	4491292
2383	1405782	4490955
2384	1406297	4490127
2385	1406960	4489771
2386	1407602	4489351
2387	1408057	4488329
2388	1408713	4487953
2389	1409132	4486820
2390	1409754	4486331
2391	1410288	4485567
2392	1410866	4484940
2393	1411358	4484039
2394	1411935	4483410
2395	1412627	4483147
2396	1413114	4482230
2397	1413767	4481842
2398	1414314	4481119
2399	1414945	4480661
2400	1415597	4480268
2401	1416166	4479613
2402	1416870	4479386
2403	1417591	4479213
2404	1417991	4478022
2405	1418677	4477737
2406	1419182	4476880
2407	1419820	4476442
2408	1420399	4475821
2409	1420933	4475057
2410	1421500	4474396
2411	1422005	4473539
2412	1422648	4473116
2413	1423242	4472540
2414	1423822	4471922
2415	1424480	4471548
2416	1424911	4470460
2417	1425598	4470178
2418	1426154	4469483
2419	1426828	4469157
2420	1427547	4468972
2421	1427983	4467900
2422	1428673	4467627
2423	1429182	4466785
2424	1429835	4466393
2425	1430433	4465830
2426	1430963	4465053
2427	1431596	4464598
2428	1432078	4463675
2429	1432716	4463237
2430	1433272	4462542
2431	1433870	4461979
2432	1434449	4461356
2433	1434933	4460438
2434	1435514	4459820
2435	1436026	4458991
2436	1436630	4458448
2437	1437244	4457935
2438	1437837	4457355
2439	1438429	4456773
2440	1438952	4455977
2441	1439593	4455549
2442	1440071	4454614
2443	1440767	4454354
2444	1441255	4453449
2445	1441869	4452937
2446	1442475	4452397
2447	1443004	4451621
2448	1443596	4451040
2449	1444196	4450484
2450	1444829	4450026
2451	1445377	4449311
2452	1445957	4448692
2453	1446609	4448294
2454	1447230	4447803
2455	1447780	4447090
2456	1448308	4446312
2457	1448861	4445612
2458	1449472	4445089
2459	1450039	4444429
2460	1450687	4444020
2461	1451236	4443307
2462	1451812	4442677
2463	1452458	4442258
2464	1452947	4441362
2465	1453644	4441102
2466	1454173	4440327
2467	1454832	4439951
2468	1455423	4439367
2469	1455882	4438379
2470	1456441	4437696
2471	1457016	4437064
2472	1457701	4436763
2473	1458305	4436220
2474	1458933	4435747
2475	1459565	4435286
2476	1460096	4434519
2477	1460682	4433921
2478	1461143	4432941
2479	1461747	4432394
2480	1462329	4431784
2481	1462897	4431130
2482	1463585	4430839
2483	1464063	4429912
2484	1464706	4429483
2485	1465313	4428948
2486	1465860	4428230
2487	1466425	4427569
2488	1466966	4426832
2489	1467567	4426278
2490	1468087	4425478
2491	1468728	4425045
2492	1469224	4424174
2493	1469791	4423517
2494	1470385	4422944
2495	1470855	4421996
2496	1471547	4421714
2497	1472028	4420798
2498	1472660	4420340
2499	1473234	4419702
2500	1473846	4419182
2501	1474427	4418567
2502	1474989	4417896
2503	1475659	4417549
2504	1476178	4416749
2505	1476802	4416262
2506	1477488	4415962
2507	1478042	4415269
2508	1478695	4414868
2509	1479277	4414257
2510	1479902	4413774
2511	1480577	4413440
2512	1481057	4412525
2513	1481674	4412019
2514	1482238	4411354
2515	1482785	4410638
2516	1483297	4409817
2517	1483864	4409164
2518	1484491	4408685
2519	1484978	4407792
2520	1485658	4407474
2521	1486196	4406730
2522	1486871	4406396
2523	1487506	4405942
2524	1488013	4405108
2525	1488658	4404685
2526	1489206	4403972
2527	1489817	4403447
2528	1490486	4403095
2529	1490966	4402180
2530	1491599	4401719
2531	1492091	4400844
2532	1492668	4400217
2533	1493144	4399295
2534	1493770	4398813
2535	1494412	4398381
2536	1494942	4397617
2537	1495541	4397056
2538	1496060	4396259
2539	1496741	4395940
2540	1497419	4395613
2541	1498063	4395184
2542	1498874	4395244
2543	1499524	4394832
2544	1500177	4394429
2545	1500960	4394406
2546	1501667	4394162
2547	1502334	4393798
2548	1502984	4393383
2549	1503609	4392897
2550	1504305	4392619
2551	1504849	4391895
2552	1505464	4391381
2553	1505937	4390451
2554	1506574	4389997
2555	1507339	4389918
2556	1507843	4389082
2557	1508504	4388698
2558	1509009	4387863
2559	1509669	4387476
2560	1510220	4386773
2561	1510795	4386142
2562	1511384	4385549
2563	1511889	4384716
2564	1512498	4384182
2565	1513028	4383418
2566	1513657	4382943
2567	1514157	4382094
2568	1514737	4381477
2569	1515431	4381188
2570	1515835	4380063
2571	1516441	4379521
2572	1516945	4378685
2573	1517527	4378073
2574	1518064	4377331
2575	1518688	4376842
2576	1519209	4376055
2577	1519767	4375375
2578	1520437	4375016
2579	1520959	4374232
2580	1521605	4373805
2581	1522096	4372933
2582	1522679	4372323
2583	1523239	4371648
2584	1523801	4370980
2585	1524293	4370111
2586	1524867	4369478
2587	1525530	4369100
2588	1526012	4368202
2589	1526602	4367616
2590	1527244	4367175
2591	1527811	4366523
2592	1528480	4366161
2593	1528997	4365365
2594	1529648	4364949
2595	1530225	4364325
2596	1530836	4363797
2597	1531483	4363371
2598	1531980	4362520
2599	1532647	4362150
2600	1533215	4361499
2601	1533779	4360838
2602	1534430	4360424
2603	1534940	4359607
2604	1535559	4359103
2605	1536096	4358363
2606	1536716	4357862
2607	1537410	4357567
2608	1537953	4356845
2609	1538614	4356461
2610	1539110	4355607
2611	1539777	4355235
2612	1540356	4354616
2613	1540823	4353681
2614	1541428	4353136
2615	1541958	4352377
2616	1542581	4351884
2617	1543157	4351255
2618	1543733	4350627
2619	1544353	4350124
2620	1544933	4349509
2621	1545632	4349228
2622	1546204	4348589
2623	1546840	4348130
2624	1547402	4347463
2625	1547891	4346593
2626	1548537	4346162
2627	1549056	4345373
2628	1549707	4344957
2629	1550329	4344458
2630	1550833	4343630
2631	1551458	4343140
2632	1551823	4341924
2633	1552492	4341555
2634	1552939	4340567
2635	1553558	4340061
2636	1554104	4339352
2637	1554759	4338945
2638	1555444	4338623
2639	1555930	4337746
2640	1556616	4337426
2641	1557316	4337142
2642	1557847	4336392
2643	1558528	4336058
2644	1559091	4335393
2645	1559715	4334900
2646	1560364	4334477
2647	1560906	4333754
2648	1561610	4333482
2649	1562252	4333041
2650	1562804	4332345
2651	1563404	4331786
2652	1563928	4331015
2653	1564578	4330592
2654	1565069	4329731
2655	1565700	4329256
2656	1566323	4328759
2657	1566883	4328086
2658	1567521	4327631
2659	1568004	4326748
2660	1568604	4326189
2661	1569150	4325479
2662	1569733	4324872
2663	1570409	4324520
2664	1570882	4323609
2665	1571481	4323047
2666	1572020	4322319
2667	1572676	4321912
2668	1573236	4321243
2669	1573853	4320727
2670	1574503	4320305
2671	1575003	4319471
2672	1575623	4318963
2673	1576131	4318151
2674	1576799	4317777
2675	1577481	4317441
2676	1577952	4316528
2677	1578603	4316107
2678	1579124	4315331
2679	1579725	4314772
2680	1580368	4314328
2681	1580849	4313444
2682	1581393	4312730
2683	1581912	4311949
2684	1582513	4311391
2685	1582987	4310487
2686	1583604	4309973
2687	1584176	4309338
2688	1584687	4308533
2689	1585371	4308202
2690	1585906	4307467
2691	1586546	4307013
2692	1587153	4306473
2693	1587766	4305948
2694	1588351	4305347
2695	1588874	4304576
2696	1589513	4304121
2697	1590007	4303273
2698	1590623	4302757
2699	1591165	4302040
2700	1591765	4301478
2701	1592465	4301188
2702	1592946	4300306
2703	1593606	4299909
2704	1594199	4299329
2705	1594799	4298767
2706	1595420	4298264
2707	1595916	4297422
2708	1596620	4297143
2709	1597316	4296839
2710	1597844	4296085
2711	1598513	4295710
2712	1598985	4294804
2713	1599634	4294376
2714	1600225	4293790
2715	1600787	4293127
2716	1601425	4292669
2717	1601835	4291599
2718	1602462	4291110
2719	1602957	4290268
2720	1603617	4289868
2721	1604252	4289401
2722	1604744	4288550
2723	1605392	4288120
2724	1605873	4287240
2725	1606492	4286728
2726	1607132	4286275
2727	1607672	4285556
2728	1608249	4284933
2729	1608727	4284048
2730	1609411	4283711
2731	1609847	4282714
2732	1610533	4282381
2733	1611028	4281540
2734	1611606	4280922
2735	1612099	4280076
2736	1612636	4279350
2737	1613192	4278671
2738	1613779	4278078
2739	1614401	4277573
2740	1614886	4276710
2741	1615499	4276183
2742	1616025	4275426
2743	1616701	4275067
2744	1617375	4274703
2745	1617918	4273991
2746	1618555	4273529
2747	1619101	4272825
2748	1619664	4272167
2749	1620219	4271488
2750	1620726	4270683
2751	1621368	4270232
2752	1622077	4269957
2753	1622793	4269703
2754	1623415	4269200
2755	1624149	4268991
2756	1624768	4268478
2757	1625500	4268263
2758	1626173	4267894
2759	1626806	4267420
2760	1627483	4267059
2761	1627969	4266199
2762	1628627	4265789
2763	1629264	4265325
2764	1629841	4264703
2765	1630495	4264281
2766	1631060	4263628
2767	1631615	4262950
2768	1632150	4262218
2769	1632684	4261483
2770	1633291	4260939
2771	1633825	4260205
2772	1634474	4259772
2773	1635041	4259124
2774	1635642	4258564
2775	1636195	4257881
2776	1636802	4257338
2777	1637448	4256894
2778	1638060	4256363
2779	1638707	4255923
2780	1639360	4255498
2781	1639965	4254950
2782	1640648	4254603
2783	1641200	4253915
2784	1641752	4253230
2785	1642314	4252568
2786	1642809	4251733
2787	1643480	4251356
2788	1643986	4250550
2789	1644629	4250099
2790	1645041	4249052
2791	1645673	4248573
2792	1646374	4248272
2793	1646961	4247675
2794	1647560	4247110
2795	1648206	4246666
2796	1648773	4246019
2797	1649445	4245642
2798	1649907	4244723
2799	1650522	4244200
2800	1651087	4243549
2801	1651706	4243034
2802	1652368	4242630
2803	1652865	4241804
2804	1653507	4241350
2805	1653995	4240500
2806	1654626	4240018
2807	1655161	4239288
2808	1655655	4238453
2809	1656276	4237944
2810	1656875	4237381
2811	1657549	4237007
2812	1658155	4236461
2813	1658743	4235866
2814	1659409	4235472
2815	1659887	4234599
2816	1660521	4234123
2817	1661102	4233513
2818	1661627	4232759
2819	1662279	4232327
2820	1662769	4231485
2821	1663423	4231061
2822	1663858	4230079
2823	1664520	4229675
2824	1665147	4229179
2825	1665701	4228501
2826	1666346	4228051
2827	1666952	4227504
2828	1667574	4226999
2829	1668188	4226470
2830	1668750	4225812
2831	1669419	4225424
2832	1669941	4224662
2833	1670581	4224201
2834	1671134	4223520
2835	1671723	4222928
2836	1672356	4222449
2837	1672914	4221779
2838	1673538	4221279
2839	1674045	4220481
2840	1674667	4219973
2841	1675266	4219409
2842	1675795	4218666
2843	1676430	4218191
2844	1677092	4217785
2845	1677667	4217159
2846	1678337	4216772
2847	1678830	4215940
2848	1679493	4215534
2849	1680036	4214828
2850	1680655	4214313
2851	1681310	4213888
2852	1681801	4213051
2853	1682440	4212586
2854	1682944	4211782
2855	1683641	4211461
2856	1684258	4210940
2857	1684744	4210093
2858	1685413	4209702
2859	1685947	4208973
2860	1686649	4208666
2861	1687260	4208129
2862	1687802	4207421
2863	1688527	4207169
2864	1689150	4206663
2865	1689640	4205825
2866	1690257	4205304
2867	1690830	4204673
2868	1691463	4204191
2869	1691978	4203417
2870	1692593	4202889
2871	1693249	4202464
2872	1693733	4201613
2873	1694328	4201038
2874	1694825	4200219
2875	1695458	4199737
2876	1695971	4198960
2877	1696621	4198519
2878	1697164	4197815
2879	1697762	4197245
2880	1698426	4196839
2881	1698959	4196112
2882	1699600	4195649
2883	1700193	4195067
2884	1700722	4194329
2885	1701289	4193685
2886	1701794	4192887
2887	1702466	4192501
2888	1702968	4191695
2889	1703611	4191238
2890	1704261	4190796
2891	1704810	4190108
2892	1705464	4189676
2893	1705949	4188830
2894	1706580	4188342
2895	1707227	4187894
2896	1707756	4187156
2897	1708378	4186648
2898	1708861	4185797
2899	1709522	4185381
2900	1710164	4184920
2901	1710719	4184248
2902	1711359	4183781
2903	1711819	4182875
2904	1712456	4182402
2905	1712907	4181473
2906	1713513	4180926
2907	1714090	4180305
2908	1714690	4179742
2909	1715305	4179215
2910	1715755	4178285
2911	1716477	4178019
2912	1717093	4177495
2913	1717615	4176740
2914	1718235	4176226
2915	1718781	4175530
2916	1719369	4174938
2917	1719853	4174091
2918	1720526	4173705
2919	1721058	4172976
2920	1721606	4172287
2921	1722205	4171722
2922	1722738	4170995
2923	1723348	4170457
2924	1723914	4169809
2925	1724565	4169370
2926	1725130	4168720
2927	1725728	4168152
2928	1726339	4167615
2929	1726975	4167139
2930	1727542	4166494
2931	1728150	4165951
2932	1728709	4165287
2933	1729347	4164816
2934	1729778	4163845
2935	1730455	4163466
2936	1730944	4162635
2937	1731587	4162176
2938	1732177	4161587
2939	1732719	4160883
2940	1733355	4160407
2941	1733739	4159323
2942	1734438	4158998
2943	1734974	4158282
2944	1735498	4157535
2945	1736072	4156910
2946	1736651	4156294
2947	1737379	4156036
2948	1737895	4155273
2949	1738525	4154780
2950	1739039	4154011
2951	1739639	4153447
2952	1740315	4153066
2953	1740790	4152204
2954	1741407	4151679
2955	1741889	4150834
2956	1742628	4150603
2957	1743239	4150064
2958	1743945	4149754
2959	1744671	4149488
2960	1745403	4149238
2961	1746145	4149010
2962	1746846	4148687
2963	1747578	4148435
2964	1748267	4148080
2965	1748766	4147277
2966	1749393	4146775
2967	1749942	4146091
2968	1750496	4145417
2969	1751056	4144757
2970	1751568	4143984
2971	1752218	4143537
2972	1752678	4142641
2973	1753330	4142199
2974	1753851	4141448
2975	1754460	4140904
2976	1755004	4140208
2977	1755495	4139386
2978	1756104	4138841
2979	1756699	4138264
2980	1757378	4137886
2981	1757805	4136913
2982	1758448	4136450
2983	1758995	4135761
2984	1759639	4135300
2985	1760280	4134830
2986	1760759	4133982
2987	1761344	4133382
2988	1761779	4132430
2989	1762425	4131974
2990	1762991	4131328
2991	1763575	4130728
2992	1764215	4130256
2993	1764677	4129368
2994	1765311	4128884
2995	1765816	4128095
2996	1766512	4127756
2997	1767166	4127317
2998	1767738	4126689
2999	1768419	4126311
3000	1768896	4125460
3001	1769503	4124911
3002	1770090	4124317
3003	1770699	4123773
3004	1771259	4123115
3005	1771770	4122342
3006	1772407	4121864
3007	1772960	4121190
3008	1773578	4120667
3009	1774114	4119952
3010	1774563	4119037
3011	1775152	4118447
3012	1775637	4117616
3013	1776326	4117258
3014	1776976	4116810
3015	1777598	4116296
3016	1778255	4115862
3017	1778722	4114991
3018	1779373	4114543
3019	1779964	4113956
3020	1780579	4113427
3021	1781211	4112936
3022	1781710	4112137
3023	1782366	4111701
3024	1782909	4111005
3025	1783463	4110334
3026	1784036	4109708
3027	1784638	4109146
3028	1785202	4108500
3029	1785723	4107754
3030	1786343	4107233
3031	1787035	4106881
3032	1787532	4106078
3033	1788186	4105637
3034	1788668	4104801
3035	1789293	4104295
3036	1789722	4103337
3037	1790400	4102951
3038	1790898	4102154
3039	1791516	4101630
3040	1792090	4101006
3041	1792692	4100444
3042	1793372	4100062
3043	1793843	4099203
3044	1794493	4098752
3045	1794994	4097961
3046	1795515	4097217
3047	1796106	4096630
3048	1796714	4096084
3049	1797376	4095662
3050	1797907	4094938
3051	1798466	4094280
3052	1799006	4093580
3053	1799532	4092845
3054	1800146	4092313
3055	1800660	4091552
3056	1801200	4090852
3057	1801620	4089877
3058	1802322	4089545
3059	1802750	4088591
3060	1803361	4088051
3061	1803858	4087252
3062	1804490	4086761
3063	1805100	4086218
3064	1805665	4085576
3065	1806298	4085086
3066	1806975	4084696
3067	1807592	4084169
3068	1808272	4083786
3069	1808800	4083056
3070	1809426	4082550
3071	1809942	4081797
3072	1810504	4081147
3073	1811149	4080682
3074	1811655	4079906
3075	1812298	4079438
3076	1812801	4078655
3077	1813467	4078240
3078	1813985	4077491
3079	1814487	4076705
3080	1815093	4076154
3081	1815625	4075436
3082	1816223	4074867
3083	1816781	4074208
3084	1817416	4073722
3085	1817952	4073015
3086	1818539	4072420
3087	1819180	4071947
3088	1819695	4071192
3089	1820316	4070676
3090	1820780	4069807
3091	1821431	4069354
3092	1822013	4068751
3093	1822580	4068113
3094	1823198	4067589
3095	1823702	4066809
3096	1824376	4066409
3097	1824968	4065826
3098	1825522	4065159
3099	1826072	4064483
3100	1826720	4064025
3101	1827346	4063518
3102	1827893	4062836
3103	1828482	4062247
3104	1829109	4061743
3105	1829608	4060953
3106	1830238	4060455
3107	1830773	4059745
3108	1831431	4059310
3109	1832051	4058789
3110	1832631	4058179
3111	1833297	4057762
3112	1833822	4057030
3113	1834455	4056538
3114	1835001	4055854
3115	1835607	4055302
3116	1836238	4054805
3117	1836872	4054316
3118	1837437	4053673
3119	1838011	4053050
3120	1838551	4052354
3121	1839132	4051746
3122	1839635	4050967
3123	1840282	4050507
3124	1840873	4049922
3125	1841480	4049371
3126	1842090	4048828
3127	1842626	4048123
3128	1843273	4047660
3129	1843849	4047043
3130	1844475	4046535
3131	1845090	4046002
3132	1845741	4045549
3133	1846377	4045063
3134	1847107	4044782
3135	1847792	4044402
3136	1848553	4044190
3137	1849366	4044088
3138	1850147	4043918
3139	1850753	4043365
3140	1851431	4042969
3141	1851980	4042291
3142	1852586	4041738
3143	1853167	4041132
3144	1853664	4040339
3145	1854374	4040014
3146	1854965	4039426
3147	1855595	4038926
3148	1856301	4038590
3149	1856927	4038081
3150	1857489	4037431
3151	1858141	4036976
3152	1858685	4036290
3153	1859369	4035905
3154	1859815	4035004
3155	1860448	4034508
3156	1860996	4033830
3157	1861554	4033172
3158	1862139	4032573
3159	1862669	4031854
3160	1863303	4031360
3161	1863767	4030501
3162	1864364	4029926
3163	1864930	4029287
3164	1865531	4028722
3165	1866207	4028319
3166	1866832	4027806
3167	1867454	4027288
3168	1868034	4026678
3169	1868603	4026045
3170	1869207	4025486
3171	1869715	4024721
3172	1870350	4024230
3173	1870898	4023551
3174	1871494	4022976
3175	1872129	4022484
3176	1872664	4021779
3177	1873321	4021333
3178	1873810	4020528
3179	1874480	4020112
3180	1875097	4019582
3181	1875654	4018923
3182	1876348	4018557
3183	1876987	4018073
3184	1877549	4017425
3185	1878204	4016976
3186	1878684	4016151
3187	1879336	4015695
3188	1879817	4014875
3189	1880484	4014450
3190	1881051	4013814
3191	1881600	4013137
3192	1882280	4012741
3193	1882756	4011909
3194	1883362	4011356
3195	1883921	4010701
3196	1884445	4009972
3197	1885067	4009451
3198	1885615	4008775
3199	1886268	4008319
3200	1886911	4007844
3201	1887432	4007109
3202	1888075	4006633
3203	1888632	4005975
3204	1889245	4005436
3205	1889784	4004739
3206	1890435	4004281
3207	1891135	4003925
3208	1891644	4003164
3209	1892312	4002742
3210	1892765	4001864
3211	1893371	4001309
3212	1893934	4000664
3213	1894517	4000060
3214	1895091	3999438
3215	1895622	3998725
3216	1896276	3998272
3217	1896916	3997788
3218	1897434	3997048
3219	1897999	3996409
3220	1898568	3995776
3221	1899132	3995133
3222	1899615	3994320
3223	1900266	3993859
3224	1900817	3993190
3225	1901449	3992689
3226	1902085	3992198
3227	1902548	3991344
3228	1903139	3990758
3229	1903587	3989873
3230	1904238	3989411
3231	1904818	3988802
3232	1905461	3988327
3233	1906026	3987685
3234	1906568	3986996
3235	1907180	3986455
3236	1907621	3985555
3237	1908264	3985079
3238	1908742	3984257
3239	1909437	3983889
3240	1910090	3983430
3241	1910628	3982735
3242	1911298	3982313
3243	1911753	3981445
3244	1912379	3980930
3245	1912865	3980128
3246	1913440	3979509
3247	1914088	3979041
3248	1914633	3978360
3249	1915267	3977863
3250	1915774	3977102
3251	1916506	3976810
3252	1917193	3976423
3253	1917737	3975738
3254	1918373	3975246
3255	1918915	3974560
3256	1919457	3973871
3257	1920135	3973467
3258	1920651	3972725
3259	1921271	3972199
3260	1921873	3971635
3261	1922419	3970957
3262	1922987	3970324
3263	1923493	3969563
3264	1924095	3968999
3265	1924555	3968142
3266	1925176	3967619
3267	1925654	3966800
3268	1926339	3966408
3269	1927060	3966090
3270	1927651	3965505
3271	1928310	3965059
3272	1928811	3964288
3273	1929450	3963800
3274	1930074	3963283
3275	1930556	3962472
3276	1931220	3962036
3277	1931772	3961371
3278	1932457	3960978
3279	1933133	3960565
3280	1933652	3959832
3281	1934288	3959339
3282	1934730	3958447
3283	1935359	3957940
3284	1935900	3957252
3285	1936556	3956798
3286	1937202	3956324
3287	1937753	3955657
3288	1938362	3955107
3289	1939022	3954662
3290	1939481	3953807
3291	1940066	3953209
3292	1940541	3952387
3293	1941170	3951877
3294	1941606	3950977
3295	1942229	3950456
3296	1942707	3949641
3297	1943321	3949103
3298	1943899	3948490
3299	1944407	3947737
3300	1944938	3947030
3301	1945482	3946348
3302	1946072	3945760
3303	1946612	3945071
3304	1947217	3944514
3305	1947705	3943721
3306	1948304	3943150
3307	1948839	3942453
3308	1949430	3941867
3309	1950024	3941288
3310	1950588	3940648
3311	1951222	3940149
3312	1951642	3939219
3313	1952272	3938713
3314	1952855	3938110
3315	1953463	3937560
3316	1954131	3937129
3317	1954664	3936427
3318	1955272	3935876
3319	1955815	3935195
3320	1956506	3934811
3321	1957220	3934473
3322	1957735	3933734
3323	1958373	3933243
3324	1959050	3932830
3325	1959537	3932035
3326	1960108	3931410
3327	1960605	3930636
3328	1961294	3930247
3329	1961878	3929648
3330	1962450	3929025
3331	1963082	3928520
3332	1963609	3927807
3333	1964274	3927369
3334	1964864	3926783
3335	1965485	3926256
3336	1966179	3925877
3337	1966835	3925422
3338	1967478	3924939
3339	1968093	3924401
3340	1968667	3923781
3341	1969443	3923564
3342	1970063	3923036
3343	1970768	3922678
3344	1971494	3922361
3345	1972215	3922032
3346	1972934	3921700
3347	1973540	3921145
3348	1974161	3920617
3349	1974619	3919767
3350	1975237	3919233
3351	1975741	3918474
3352	1976374	3917972
3353	1977056	3917566
3354	1977543	3916774
3355	1978167	3916253
3356	1978613	3915379
3357	1979276	3914935
3358	1979857	3914329
3359	1980392	3913633
3360	1981055	3913189
3361	1981559	3912430
3362	1982249	3912039
3363	1982830	3911432
3364	1983464	3910931
3365	1984127	3910488
3366	1984631	3909730
3367	1985295	3909287
3368	1985944	3908814
3369	1986513	3908184
3370	1987247	3907879
3371	1987857	3907330
3372	1988363	3906577
3373	1989040	3906158
3374	1989545	3905404
3375	1990234	3905010
3376	1990789	3904352
3377	1991352	3903711
3378	1991994	3903223
3379	1992492	3902455
3380	1993152	3902004
3381	1993700	3901333
3382	1994323	3900808
3383	1994873	3900142
3384	1995460	3899547
3385	1996108	3899072
3386	1996670	3898429
3387	1997270	3897861
3388	1997637	3896837
3389	1998303	3896396
3390	1998913	3895847
3391	1999422	3895102
3392	2000078	3894640
3393	2000538	3893799
3394	2001184	3893320
3395	2001665	3892520
3396	2002277	3891973
3397	2002939	3891526
3398	2003519	3890917
3399	2004165	3890439
3400	2004697	3889737
3401	2005298	3889170
3402	2005822	3888454
3403	2006506	3888049
3404	2007208	3887677
3405	2007701	3886900
3406	2008306	3886340
3407	2008911	3885781
3408	2009491	3885174
3409	2010080	3884582
3410	2010620	3883898
3411	2011234	3883356
3412	2011773	3882670
3413	2012373	3882100
3414	2013039	3881658
3415	2013541	3880900
3416	2014179	3880404
3417	2014727	3879734
3418	2015358	3879226
3419	2016002	3878741
3420	2016559	3878088
3421	2017210	3877618
3422	2017708	3876854
3423	2018264	3876199
3424	2018877	3875654
3425	2019426	3874987
3426	2020066	3874495
3427	2020568	3873739
3428	2021187	3873205
3429	2021668	3872408
3430	2022249	3871803
3431	2022824	3871186
3432	2023361	3870496
3433	2023993	3869989
3434	2024462	3869169
3435	2025135	3868738
3436	2025615	3867940
3437	2026311	3867555
3438	2026978	3867114
3439	2027501	3866397
3440	2028147	3865915
3441	2028635	3865133
3442	2029243	3864580
3443	2029767	3863865
3444	2030399	3863358
3445	2031033	3862853
3446	2031502	3862035
3447	2032135	3861529
3448	2032563	3860632
3449	2033207	3860147
3450	2033757	3859483
3451	2034378	3858954
3452	2035002	3858431
3453	2035501	3857669
3454	2036159	3857211
3455	2036793	3856705
3456	2037411	3856170
3457	2038080	3855731
3458	2038491	3854806
3459	2039159	3854365
3460	2039718	3853718
3461	2040302	3853118
3462	2040866	3852482
3463	2041423	3851830
3464	2042114	3851433
3465	2042565	3850583
3466	2043234	3850144
3467	2043820	3849549
3468	2044382	3848907
3469	2045043	3848453
3470	2045581	3847767
3471	2046241	3847312
3472	2046911	3846873
3473	2047424	3846140
3474	2048115	3845742
3475	2048589	3844935
3476	2049259	3844498
3477	2049888	3843983
3478	2050380	3843210
3479	2050957	3842598
3480	2051497	3841916
3481	2052123	3841396
3482	2052633	3840657
3483	2053254	3840128
3484	2053755	3839374
3485	2054376	3838843
3486	2055003	3838325
3487	2055494	3837551
3488	2056143	3837074
3489	2056840	3836684
3490	2057278	3835814
3491	2057875	3835239
3492	2058437	3834598
3493	2059110	3834165
3494	2059627	3833441
3495	2060276	3832963
3496	2060844	3832333
3497	2061459	3831791
3498	2062073	3831249
3499	2062608	3830558
3500	2063298	3830155
3501	2063904	3829598
3502	2064514	3829046
3503	2065153	3828549
3504	2065667	3827820
3505	2066364	3827431
3506	2067009	3826944
3507	2067538	3826242
3508	2068199	3825785
3509	2068683	3825001
3510	2069227	3824328
3511	2069772	3823658
3512	2070332	3823014
3513	2070908	3822398
3514	2071508	3821829
3515	2072183	3821398
3516	2072781	3820825
3517	2073466	3820411
3518	2074141	3819980
3519	2074922	3819743
3520	2075659	3819426
3521	2076456	3819218
3522	2077215	3818938
3523	2077855	3818441
3524	2078367	3817710
3525	2079017	3817232
3526	2079534	3816509
3527	2080199	3816057
3528	2080676	3815260
3529	2081342	3814812
3530	2081942	3814241
3531	2082491	3813578
3532	2083205	3813215
3533	2083777	3812593
3534	2084301	3811883
3535	2085004	3811500
3536	2085523	3810782
3537	2086172	3810301
3538	2086911	3809983
3539	2087399	3809209
3540	2088082	3808789
3541	2088518	3807920
3542	2089213	3807522
3543	2089698	3806742
3544	2090319	3806210
3545	2090986	3805760
3546	2091481	3804997
3547	2092107	3804475
3548	2092646	3803793
3549	2093290	3803303
3550	2093946	3802832
3551	2094449	3802086
3552	2095042	3801501
3553	2095599	3800854
3554	2096278	3800425
3555	2096890	3799876
3556	2097407	3799154
3557	2098081	3798718
3558	2098531	3797877
3559	2099151	3797341
3560	2099718	3796710
3561	2100318	3796140
3562	2100840	3795427
3563	2101404	3794791
3564	2101947	3794118
3565	2102509	3793479
3566	2103168	3793014
3567	2103718	3792353
3568	2104287	3791726
3569	2104905	3791188
3570	2105458	3790533
3571	2106157	3790140
3572	2106752	3789559
3573	2107355	3788994
3574	2107928	3788374
3575	2108491	3787736
3576	2109150	3787272
3577	2109748	3786698
3578	2110387	3786196
3579	2111047	3785733
3580	2111479	3784861
3581	2112171	3784454
3582	2112723	3783797
3583	2113317	3783215
3584	2113944	3782693
3585	2114488	3782022
3586	2115188	3781629
3587	2115697	3780895
3588	2116385	3780480
3589	2117054	3780033
3590	2117543	3779263
3591	2118195	3778786
3592	2118782	3778191
3593	2119366	3777590
3594	2120021	3777117
3595	2120497	3776324
3596	2121106	3775769
3597	2121559	3774936
3598	2122189	3774418
3599	2122748	3773775
3600	2123307	3773130
3601	2123863	3772482
3602	2124412	3771820
3603	2125064	3771341
3604	2125601	3770657
3605	2126245	3770164
3606	2126969	3769813
3607	2127461	3769051
3608	2128086	3768524
3609	2128580	3767764
3610	2129217	3767258
3611	2129774	3766610
3612	2130340	3765980
3613	2130896	3765331
3614	2131430	3764642
3615	2132077	3764154
3616	2132581	3763413
3617	2133188	3762855
3618	2133754	3762223
3619	2134312	3761579
3620	2134949	3761071
3621	2135437	3760303
3622	2136116	3759871
3623	2136739	3759340
3624	2137366	3758816
3625	2138055	3758401
3626	2138572	3757685
3627	2139208	3757176
3628	2139710	3756432
3629	2140311	3755863
3630	2140853	3755189
3631	2141359	3754454
3632	2141946	3753860
3633	2142461	3753139
3634	2143119	3752670
3635	2143582	3751858
3636	2144218	3751350
3637	2144787	3750725
3638	2145357	3750101
3639	2146008	3749619
3640	2146667	3749151
3641	2147273	3748589
3642	2147932	3748121
3643	2148454	3747413
3644	2149064	3746859
3645	2149512	3746024
3646	2150140	3745500
3647	2150665	3744799
3648	2151278	3744250
3649	2151846	3743624
3650	2152384	3742943
3651	2153016	3742428
3652	2153587	3741806
3653	2154227	3741305
3654	2154809	3740702
3655	2155424	3740155
3656	2156127	3739763
3657	2156774	3739273
3658	2157375	3738703
3659	2158056	3738272
3660	2158526	3737476
3661	2159210	3737049
3662	2159910	3736651
3663	2160306	3735726
3664	2160927	3735190
3665	2161408	3734414
3666	2162065	3733941
3667	2162603	3733261
3668	2163215	3732711
3669	2163892	3732272
3670	2164373	3731494
3671	2165048	3731053
3672	2165484	3730198
3673	2166172	3729778
3674	2166843	3729328
3675	2167424	3728725
3676	2168092	3728270
3677	2168561	3727473
3678	2169242	3727041
3679	2169853	3726487
3680	2170391	3725809
3681	2171000	3725252
3682	2171517	3724538
3683	2172166	3724051
3684	2172692	3723352
3685	2173290	3722777
3686	2173909	3722237
3687	2174459	3721581
3688	2175045	3720984
3689	2175585	3720310
3690	2176292	3719921
3691	2176915	3719389
3692	2177432	3718675
3693	2178049	3718131
3694	2178484	3717279
3695	2179157	3716830
3696	2179709	3716176
3697	2180241	3715489
3698	2180835	3714907
3699	2181392	3714263
3700	2182043	3713777
3701	2182565	3713073
3702	2183210	3712578
3703	2183696	3711812
3704	2184292	3711234
3705	2184870	3710624
3706	2185379	3709898
3707	2186041	3709431
3708	2186663	3708897
3709	2187296	3708382
3710	2187931	3707869
3711	2188471	3707194
3712	2189127	3706718
3713	2189828	3706316
3714	2190339	3705593
3715	2190949	3705039
3716	2191469	3704332
3717	2192097	3703806
3718	2192609	3703086
3719	2193269	3702616
3720	2193945	3702173
3721	2194629	3701742
3722	2195325	3701331
3723	2196087	3701032
3724	2196870	3700768
3725	2197615	3700439
3726	2198260	3699942
3727	2198896	3699431
3728	2199677	3699163
3729	2200244	3698534
3730	2200836	3697947
3731	2201351	3697232
3732	2201988	3696721
3733	2202448	3695913
3734	2203127	3695472
3735	2203619	3694719
3736	2204223	3694154
3737	2204863	3693647
3738	2205389	3692951
3739	2206026	3692439
3740	2206644	3691897
3741	2207188	3691231
3742	2207692	3690498
3743	2208276	3689897
3744	2208912	3689385
3745	2209448	3688705
3746	2210077	3688180
3747	2210646	3687556
3748	2211235	3686965
3749	2211924	3686540
3750	2212459	3685859
3751	2213124	3685394
3752	2213627	3684660
3753	2214171	3683994
3754	2214863	3683573
3755	2215383	3682868
3756	2216074	3682446
3757	2216748	3681997
3758	2217337	3681405
3759	2217944	3680844
3760	2218512	3680217
3761	2219114	3679647
3762	2219699	3679050
3763	2220265	3678420
3764	2220895	3677897
3765	2221434	3677223
3766	2222057	3676688
3767	2222487	3675833
3768	2223177	3675409
3769	2223671	3674660
3770	2224180	3673937
3771	2224769	3673347
3772	2225346	3672736
3773	2225924	3672126
3774	2226624	3671718
3775	2227185	3671080
3776	2227816	3670558
3777	2228310	3669811
3778	2228968	3669333
3779	2229497	3668644
3780	2230075	3668034
3781	2230709	3667517
3782	2231255	3666856
3783	2231851	3666275
3784	2232262	3665392
3785	2232789	3664699
3786	2233273	3663935
3787	2233920	3663441
3788	2234471	3662787
3789	2235104	3662268
3790	2235666	3661633
3791	2236365	3661222
3792	2236961	3660642
3793	2237479	3659936
3794	2238043	3659303
3795	2238552	3658583
3796	2239161	3658024
3797	2239830	3657564
3798	2240315	3656803
3799	2240969	3656319
3800	2241496	3655626
3801	2242094	3655050
3802	2242636	3654383
3803	2243194	3653740
3804	2243835	3653236
3805	2244313	3652463
3806	2244960	3651967
3807	2245522	3651332
3808	2246234	3650941
3809	2246928	3650521
3810	2247426	3649782
3811	2248078	3649294
3812	2248574	3648551
3813	2249179	3647987
3814	2249801	3647449
3815	2250360	3646811
3816	2251014	3646325
3817	2251558	3645661
3818	2252150	3645075
3819	2252774	3644541
3820	2253317	3643876
3821	2253967	3643383
3822	2254457	3642632
3823	2255074	3642086
3824	2255664	3641498
3825	2256362	3641082
3826	2257074	3640689
3827	2257478	3639800
3828	2258129	3639309
3829	2258700	3638689
3830	2259231	3638005
3831	2259810	3637399
3832	2260374	3636768
3833	2261012	3636256
3834	2261447	3635416
3835	2262093	3634917
3836	2262666	3634300
3837	2263264	3633724
3838	2263954	3633296
3839	2264484	3632611
3840	2265162	3632162
3841	2265808	3631662
3842	2266451	3631158
3843	2267081	3630633
3844	2267561	3629867
3845	2268129	3629243
3846	2268717	3628649
3847	2269249	3627968
3848	2269916	3627501
3849	2270466	3626848
3850	2271111	3626347
3851	2271673	3625712
3852	2272295	3625176
3853	2272987	3624748
3854	2273539	3624099
3855	2274150	3623542
3856	2274742	3622957
3857	2275308	3622328
3858	2275974	3621860
3859	2276662	3621427
3860	2277248	3620831
3861	2277863	3620281
3862	2278418	3619636
3863	2279093	3619182
3864	2279671	3618573
3865	2280232	3617936
3866	2280922	3617506
3867	2281402	3616743
3868	2282071	3616278
3869	2282610	3615607
3870	2283233	3615070
3871	2283885	3614578
3872	2284429	3613917
3873	2285052	3613379
3874	2285571	3612677
3875	2286232	3612200
3876	2286951	3611814
3877	2287445	3611073
3878	2288093	3610574
3879	2288686	3609989
3880	2289214	3609302
3881	2289882	3608835
3882	2290415	3608156
3883	2291069	3607666
3884	2291488	3606808
3885	2292170	3606364
3886	2292733	3605731
3887	2293286	3605083
3888	2293921	3604565
3889	2294329	3603689
3890	2294905	3603078
3891	2295406	3602348
3892	2296017	3601793
3893	2296657	3601281
3894	2297213	3600639
3895	2297938	3600260
3896	2298676	3599902
3897	2299390	3599507
3898	2300183	3599235
3899	2300945	3598915
3900	2301666	3598529
3901	2302478	3598286
3902	2303113	3597766
3903	2303591	3597001
3904	2304199	3596439
3905	2304873	3595980
3906	2305342	3595200
3907	2305994	3594707
3908	2306562	3594084
3909	2307161	3593506
3910	2307804	3592999
3911	2308346	3592334
3912	2309041	3591907
3913	2309603	3591274
3914	2310148	3590613
3915	2310845	3590190
3916	2311355	3589475
3917	2312013	3588990
3918	2312614	3588417
3919	2313189	3587803
3920	2313859	3587337
3921	2314325	3586556
3922	2314978	3586062
3923	2315577	3585486
3924	2316290	3585085
3925	2316937	3584584
3926	2317484	3583927
3927	2318082	3583349
3928	2318704	3582808
3929	2319206	3582082
3930	2319828	3581540
3931	2320306	3580777
3932	2320974	3580307
3933	2321562	3579714
3934	2322142	3579109
3935	2322783	3578597
3936	2323287	3577873
3937	2323925	3577358
3938	2324411	3576607
3939	2325014	3576037
3940	2325562	3575382
3941	2326220	3574896
3942	2326912	3574464
3943	2327360	3573654
3944	2327960	3573080
3945	2328540	3572474
3946	2329042	3571748
3947	2329648	3571184
3948	2330195	3570528
3949	2330848	3570033
3950	2331316	3569256
3951	2331995	3568803
3952	2332533	3568132
3953	2333149	3567582
3954	2333756	3567018
3955	2334316	3566381
3956	2334933	3565833
3957	2335419	3565085
3958	2336110	3564648
3959	2336799	3564209
3960	2337248	3563403
3961	2337823	3562791
3962	2338300	3562029
3963	2339016	3561630
3964	2339580	3561001
3965	2340145	3560373
3966	2340748	3559801
3967	2341267	3559104
3968	2341954	3558661
3969	2342539	3558064
3970	2343096	3557423
3971	2343755	3556937
3972	2344285	3556257
3973	2344961	3555796
3974	2345466	3555077
3975	2346158	3554642
3976	2346859	3554220
3977	2347305	3553412
3978	2347919	3552858
3979	2348390	3552088
3980	2349008	3551540
3981	2349597	3550948
3982	2350188	3550359
3983	2350861	3549895
3984	2351354	3549158
3985	2351975	3548614
3986	2352479	3547894
3987	2353100	3547351
3988	2353664	3546722
3989	2354196	3546045
3990	2354854	3545558
3991	2355391	3544888
3992	2356101	3544478
3993	2356707	3543911
3994	2357227	3543216
3995	2357807	3542611
3996	2358209	3541738
3997	2358895	3541293
3998	2359430	3540621
3999	2360098	3540147
4000	2360677	3539541
4001	2361182	3538823
4002	2361823	3538309
4003	2362377	3537665
4004	2362991	3537112
4005	2363577	3536516
4006	2364220	3536005
4007	2364920	3535580
4008	2365467	3534925
4009	2366170	3534504
4010	2366841	3534034
4011	2367371	3533354
4012	2368024	3532858
4013	2368491	3532085
4014	2369105	3531530
4015	2369702	3530951
4016	2370174	3530184
4017	2370828	3529690
4018	2371374	3529034
4019	2371989	3528482
4020	2372572	3527881
4021	2373152	3527276
4022	2373825	3526809
4023	2374371	3526153
4024	2375056	3525705
4025	2375659	3525134
4026	2376252	3524548
4027	2376910	3524059
4028	2377427	3523360
4029	2378027	3522784
4030	2378593	3522158
4031	2379065	3521394
4032	2379657	3520807
4033	2380195	3520140
4034	2380827	3519612
4035	2381309	3518862
4036	2381937	3518328
4037	2382483	3517673
4038	2383081	3517095
4039	2383709	3516560
4040	2384218	3515852
4041	2384886	3515376
4042	2385455	3514755
4043	2386111	3514262
4044	2386804	3513824
4045	2387249	3513021
4046	2387894	3512511
4047	2388459	3511885
4048	2389076	3511334
4049	2389694	3510786
4050	2390241	3510132
4051	2390901	3509644
4052	2391438	3508977
4053	2392095	3508486
4054	2392731	3507962
4055	2393222	3507227
4056	2393868	3506718
4057	2394396	3506038
4058	2395050	3505542
4059	2395545	3504812
4060	2396181	3504289
4061	2396747	3503665
4062	2397282	3502993
4063	2397912	3502463
4064	2398485	3501847
4065	2399074	3501256
4066	2399766	3500815
4067	2400332	3500189
4068	2401076	3499823
4069	2401811	3499445
4070	2402520	3499028
4071	2403282	3498688
4072	2403876	3498103
4073	2404568	3497662
4074	2405235	3497182
4075	2405870	3496657
4076	2406501	3496126
4077	2407076	3495513
4078	2407680	3494944
4079	2408176	3494216
4080	2408826	3493712
4081	2409354	3493032
4082	2409994	3492514
4083	2410545	3491867
4084	2411136	3491278
4085	2411723	3490683
4086	2412252	3490005
4087	2412915	3489519
4088	2413464	3488870
4089	2414071	3488304
4090	2414679	3487738
4091	2415204	3487055
4092	2415841	3486532
4093	2416355	3485831
4094	2416987	3485302
4095	2417615	3484766
4096	2418148	3484092
4097	2418811	3483608
4098	2419343	3482934
4099	2420013	3482458
4100	2420581	3481836
4101	2421141	3481202
4102	2421772	3480671
4103	2422263	3479938
4104	2422803	3479274
4105	2423317	3478575
4106	2423999	3478117
4107	2424486	3477378
4108	2425101	3476825
4109	2425745	3476311
4110	2426341	3475729
4111	2426972	3475198
4112	2427608	3474673
4113	2428137	3473995
4114	2428735	3473415
4115	2429263	3472736
4116	2429914	3472233
4117	2430489	3471621
4118	2431097	3471057
4119	2431753	3470560
4120	2432260	3469851
4121	2432941	3469391
4122	2433507	3468766
4123	2434007	3468047
4124	2434541	3467377
4125	2435155	3466820
4126	2435767	3466261
4127	2436368	3465686
4128	2436944	3465076
4129	2437558	3464520
4130	2438119	3463888
4131	2438688	3463268
4132	2439262	3462654
4133	2439895	3462125
4134	2440491	3461543
4135	2441100	3460979
4136	2441758	3460485
4137	2442226	3459722
4138	2442829	3459150
4139	2443205	3458257
4140	2443878	3457783
4141	2444474	3457202
4142	2445094	3456654
4143	2445730	3456128
4144	2446293	3455500
4145	2446946	3454999
4146	2447433	3454263
4147	2447924	3453532
4148	2448449	3452850
4149	2449020	3452233
4150	2449605	3451636
4151	2450188	3451036
4152	2450851	3450548
4153	2451431	3449943
4154	2452050	3449394
4155	2452622	3448779
4156	2453191	3448159
4157	2453824	3447629
4158	2454428	3447059
4159	2454988	3446426
4160	2455599	3445865
4161	2456209	3445303
4162	2456832	3444759
4163	2457317	3444021
4164	2457969	3443517
4165	2458534	3442892
4166	2459104	3442273
4167	2459702	3441695
4168	2460215	3440997
4169	2460877	3440506
4170	2461307	3439693
4171	2461954	3439182
4172	2462453	3438464
4173	2463010	3437828
4174	2463619	3437264
4175	2464146	3436588
4176	2464771	3436045
4177	2465258	3435312
4178	2465969	3434890
4179	2466612	3434374
4180	2467143	3433701
4181	2467731	3433108
4182	2468181	3432324
4183	2468852	3431846
4184	2469429	3431238
4185	2470062	3430707
4186	2470697	3430180
4187	2471251	3429540
4188	2471879	3429003
4189	2472457	3428395
4190	2472969	3427697
4191	2473539	3427079
4192	2474104	3426455
4193	2474770	3425969
4194	2475237	3425208
4195	2475931	3424763
4196	2476529	3424183
4197	2477073	3423530
4198	2477654	3422927
4199	2478132	3422182
4200	2478831	3421743
4201	2479393	3421114
4202	2479965	3420499
4203	2480535	3419882
4204	2481057	3419197
4205	2481697	3418676
4206	2482191	3417955
4207	2482857	3417469
4208	2483460	3416897
4209	2484010	3416251
4210	2484603	3415665
4211	2485079	3414919
4212	2485726	3414408
4213	2486330	3413837
4214	2486904	3413225
4215	2487538	3412694
4216	2488055	3412005
4217	2488726	3411525
4218	2489158	3410719
4219	2489818	3410224
4220	2490383	3409600
4221	2490979	3409018
4222	2491627	3408508
4223	2492089	3407743
4224	2492677	3407150
4225	2493194	3406461
4226	2493854	3405967
4227	2494482	3405428
4228	2495025	3404775
4229	2495629	3404203
4230	2496176	3403554
4231	2496827	3403047
4232	2497302	3402301
4233	2497900	3401722
4234	2498417	3401033
4235	2498989	3400419
4236	2499587	3399839
4237	2500156	3399222
4238	2500800	3398704
4239	2501385	3398108
4240	2501947	3397480
4241	2502553	3396912
4242	2503105	3396270
4243	2503739	3395740
4244	2504181	3394950
4245	2504858	3394478
4246	2505423	3393854
4247	2506038	3393299
4248	2506744	3392866
4249	2507204	3392100
4250	2507895	3391647
4251	2508415	3390961
4252	2508973	3390329
4253	2509546	3389716
4254	2510133	3389123
4255	2510779	3388608
4256	2511303	3387929
4257	2511937	3387399
4258	2512504	3386778
4259	2513100	3386196
4260	2513698	3385617
4261	2514256	3384984
4262	2514945	3384527
4263	2515496	3383885
4264	2516178	3383419
4265	2516819	3382898
4266	2517411	3382311
4267	2518021	3381747
4268	2518645	3381203
4269	2519207	3380576
4270	2519823	3380021
4271	2520268	3379236
4272	2520900	3378702
4273	2521571	3378220
4274	2522071	3377510
4275	2522780	3377080
4276	2523427	3376567
4277	2524154	3376159
4278	2524861	3375726
4279	2525592	3375324
4280	2526402	3375028
4281	2527178	3374686
4282	2527890	3374258
4283	2528540	3373747
4284	2529178	3373221
4285	2529842	3372729
4286	2530385	3372076
4287	2530946	3371447
4288	2531524	3370840
4289	2532018	3370123
4290	2532605	3369528
4291	2533054	3368749
4292	2533695	3368227
4293	2534215	3367544
4294	2534866	3367034
4295	2535411	3366384
4296	2536057	3365867
4297	2536704	3365353
4298	2537211	3364653
4299	2537887	3364176
4300	2538472	3363579
4301	2539000	3362906
4302	2539665	3362415
4303	2540200	3361752
4304	2540841	3361228
4305	2541406	3360606
4306	2541913	3359905
4307	2542447	3359241
4308	2543003	3358605
4309	2543646	3358085
4310	2544208	3357458
4311	2544879	3356974
4312	2545517	3356447
4313	2546161	3355928
4314	2546808	3355412
4315	2547278	3354663
4316	2547907	3354125
4317	2548355	3353348
4318	2548879	3352670
4319	2549520	3352147
4320	2550034	3351457
4321	2550591	3350823
4322	2551104	3350132
4323	2551717	3349572
4324	2552226	3348875
4325	2552871	3348356
4326	2553392	3347676
4327	2553985	3347089
4328	2554562	3346482
4329	2555112	3345839
4330	2555744	3345305
4331	2556348	3344732
4332	2556932	3344134
4333	2557606	3343654
4334	2558070	3342899
4335	2558758	3342437
4336	2559323	3341813
4337	2559975	3341305
4338	2560588	3340745
4339	2561066	3340007
4340	2561653	3339414
4341	2562151	3338704
4342	2562750	3338125
4343	2563307	3337492
4344	2563948	3336968
4345	2564473	3336293
4346	2565005	3335627
4347	2565655	3335116
4348	2566276	3334566
4349	2566932	3334061
4350	2567491	3333431
4351	2568057	3332809
4352	2568635	3332203
4353	2569034	3331366
4354	2569637	3330792
4355	2570131	3330078
4356	2570843	3329645
4357	2571378	3328985
4358	2571947	3328367
4359	2572625	3327891
4360	2573163	3327234
4361	2573787	3326688
4362	2574349	3326061
4363	2574922	3325449
4364	2575506	3324852
4365	2576192	3324386
4366	2576819	3323842
4367	2577383	3323220
4368	2577906	3322542
4369	2578513	3321974
4370	2578996	3321247
4371	2579627	3320709
4372	2580117	3319990
4373	2580757	3319465
4374	2581307	3318823
4375	2581888	3318222
4376	2582473	3317626
4377	2582986	3316937
4378	2583587	3316361
4379	2584177	3315770
4380	2584866	3315308
4381	2585415	3314665
4382	2586096	3314192
4383	2586750	3313684
4384	2587273	3313007
4385	2587877	3312436
4386	2588469	3311848
4387	2588995	3311176
4388	2589581	3310581
4389	2590122	3309928
4390	2590809	3309462
4391	2591178	3308590
4392	2591818	3308064
4393	2592294	3307329
4394	2592826	3306664
4395	2593308	3305937
4396	2593934	3305393
4397	2594589	3304886
4398	2595064	3304150
4399	2595704	3303623
4400	2596411	3303182
4401	2596990	3302578
4402	2597631	3302053
4403	2598142	3301363
4404	2598776	3300829
4405	2599392	3300272
4406	2599963	3299658
4407	2600624	3299158
4408	2601090	3298411
4409	2601733	3297889
4410	2602334	3297312
4411	2602854	3296634
4412	2603475	3296083
4413	2604039	3295461
4414	2604725	3294992
4415	2605213	3294272
4416	2605870	3293767
4417	2606567	3293313
4418	2607071	3292615
4419	2607698	3292072
4420	2608170	3291333
4421	2608825	3290824
4422	2609363	3290170
4423	2609925	3289544
4424	2610531	3288975
4425	2611059	3288306
4426	2611707	3287789
4427	2612186	3287059
4428	2612804	3286505
4429	2613328	3285832
4430	2613884	3285200
4431	2614449	3284578
4432	2615052	3284005
4433	2615756	3283559
4434	2616362	3282988
4435	2616957	3282406
4436	2617523	3281786
4437	2618040	3281104
4438	2618689	3280588
4439	2619205	3279906
4440	2619846	3279379
4441	2620429	3278781
4442	2620994	3278160
4443	2621692	3277706
4444	2622245	3277069
4445	2622827	3276469
4446	2623379	3275832
4447	2623946	3275213
4448	2624634	3274746
4449	2625127	3274035
4450	2625788	3273534
4451	2626518	3273118
4452	2627240	3272693
4453	2627950	3272252
4454	2628655	3271805
4455	2629404	3271413
4456	2630168	3271039
4457	2630885	3270607
4458	2631555	3270116
4459	2632083	3269449
4460	2632738	3268939
4461	2633306	3268322
4462	2633868	3267696
4463	2634504	3267163
4464	2634975	3266425
4465	2635699	3266000
4466	2636278	3265397
4467	2636874	3264814
4468	2637474	3264235
4469	2638021	3263592
4470	2638603	3262991
4471	2639110	3262298
4472	2639790	3261820
4473	2640361	3261205
4474	2640888	3260537
4475	2641388	3259837
4476	2641873	3259117
4477	2642416	3258468
4478	2642910	3257760
4479	2643478	3257143
4480	2643996	3256464
4481	2644648	3255950
4482	2645136	3255235
4483	2645851	3254798
4484	2646495	3254274
4485	2647058	3253651
4486	2647759	3253197
4487	2648245	3252480
4488	2648812	3251861
4489	2649356	3251215
4490	2649927	3250601
4491	2650587	3250096
4492	2651059	3249362
4493	2651697	3248831
4494	2652226	3248166
4495	2652808	3247566
4496	2653376	3246948
4497	2653991	3246390
4498	2654594	3245815
4499	2655144	3245176
4500	2655839	3244714
4501	2656480	3244186
4502	2656987	3243495
4503	2657606	3242940
4504	2658101	3242234
4505	2658790	3241764
4506	2659308	3241087
4507	2659913	3240515
4508	2660540	3239970
4509	2661014	3239238
4510	2661599	3238642
4511	2662090	3237933
4512	2662731	3237405
4513	2663222	3236694
4514	2663893	3236203
4515	2664494	3235626
4516	2665012	3234948
4517	2665601	3234357
4518	2666138	3233702
4519	2666814	3233217
4520	2667349	3232560
4521	2667900	3231924
4522	2668415	3231243
4523	2668982	3230624
4524	2669604	3230074
4525	2670076	3229341
4526	2670735	3228834
4527	2671275	3228184
4528	2671915	3227654
4529	2672567	3227139
4530	2673080	3226456
4531	2673753	3225967
4532	2674217	3225225
4533	2674784	3224608
4534	2675356	3223996
4535	2675978	3223444
4536	2676564	3222849
4537	2677084	3222176
4538	2677749	3221677
4539	2678317	3221059
4540	2678881	3220439
4541	2679574	3219972
4542	2680043	3219237
4543	2680699	3218726
4544	2681240	3218078
4545	2681853	3217516
4546	2682472	3216960
4547	2683019	3216320
4548	2683673	3215806
4549	2684214	3215158
4550	2684807	3214571
4551	2685425	3214015
4552	2685993	3213398
4553	2686636	3212872
4554	2687121	3212157
4555	2687800	3211674
4556	2688395	3211089
4557	2688998	3210515
4558	2689648	3209996
4559	2690130	3209278
4560	2690777	3208756
4561	2691326	3208117
4562	2691820	3207413
4563	2692329	3206727
4564	2692910	3206126
4565	2693588	3205641
4566	2694135	3205000
4567	2694760	3204451
4568	2695285	3203785
4569	2695971	3203310
4570	2696634	3202806
4571	2697175	3202158
4572	2697821	3201634
4573	2698376	3201003
4574	2698940	3200382
4575	2699469	3199720
4576	2699907	3198951
4577	2700482	3198342
4578	2701036	3197711
4579	2701729	3197242
4580	2702284	3196611
4581	2702871	3196019
4582	2703495	3195469
4583	2704060	3194849
4584	2704707	3194327
4585	2705222	3193648
4586	2705897	3193159
4587	2706623	3192730
4588	2707140	3192054
4589	2707795	3191541
4590	2708381	3190946
4591	2708960	3190343
4592	2709571	3189778
4593	2710059	3189068
4594	2710684	3188519
4595	2711164	3187801
4596	2711779	3187240
4597	2712436	3186729
4598	2712930	3186026
4599	2713614	3185547
4600	2714068	3184798
4601	2714740	3184304
4602	2715259	3183631
4603	2715952	3183161
4604	2716653	3182702
4605	2717218	3182083
4606	2717796	3181480
4607	2718422	3180932
4608	2718938	3180254
4609	2719570	3179714
4610	2720093	3179046
4611	2720741	3178524
4612	2721326	3177928
4613	2721906	3177327
4614	2722569	3176823
4615	2723073	3176131
4616	2723775	3175673
4617	2724380	3175100
4618	2724899	3174428
4619	2725555	3173915
4620	2726123	3173300
4621	2726783	3172790
4622	2727336	3172158
4623	2727862	3171494
4624	2728531	3170996
4625	2729065	3170341
4626	2729811	3169931
4627	2730536	3169499
4628	2731213	3169010
4629	2731888	3168518
4630	2732624	3168097
4631	2733342	3167655
4632	2734185	3167359
4633	2734830	3166831
4634	2735377	3166192
4635	2735955	3165587
4636	2736528	3164977
4637	2737071	3164333
4638	2737766	3163864
4639	2738287	3163194
4640	2738838	3162558
4641	2739490	3162040
4642	2739999	3161356
4643	2740639	3160824
4644	2741165	3160159
4645	2741805	3159626
4646	2742372	3159010
4647	2742962	3158420
4648	2743549	3157826
4649	2743970	3157041
4650	2744643	3156546
4651	2745091	3155793
4652	2745726	3155254
4653	2746453	3154821
4654	2747005	3154188
4655	2747683	3153698
4656	2748248	3153079
4657	2748829	3152478
4658	2749444	3151916
4659	2750031	3151323
4660	2750668	3150786
4661	2751164	3150089
4662	2751714	3149452
4663	2752271	3148825
4664	2752815	3148182
4665	2753399	3147585
4666	2753937	3146935
4667	2754594	3146421
4668	2755044	3145672
4669	2755674	3145127
4670	2756291	3144568
4671	2756825	3143913
4672	2757519	3143442
4673	2757997	3142724
4674	2758668	3142226
4675	2759161	3141526
4676	2759849	3141046
4677	2760443	3140462
4678	2760956	3139784
4679	2761545	3139192
4680	2762030	3138483
4681	2762685	3137967
4682	2763244	3137341
4683	2763881	3136804
4684	2764530	3136281
4685	2765058	3135620
4686	2765686	3135073
4687	2766425	3134653
4688	2766875	3133904
4689	2767575	3133438
4690	2768084	3132756
4691	2768714	3132211
4692	2769284	3131598
4693	2769891	3131028
4694	2770485	3130442
4695	2771029	3129800
4696	2771615	3129204
4697	2772076	3128469
4698	2772707	3127925
4699	2773100	3127113
4700	2773699	3126533
4701	2774295	3125949
4702	2774928	3125408
4703	2775584	3124892
4704	2776266	3124406
4705	2776796	3123748
4706	2777374	3123144
4707	2777925	3122511
4708	2778622	3122040
4709	2779173	3121407
4710	2779774	3120829
4711	2780460	3120347
4712	2780879	3119564
4713	2781522	3119033
4714	2782086	3118415
4715	2782767	3117927
4716	2783414	3117400
4717	2783916	3116711
4718	2784567	3116190
4719	2785129	3115568
4720	2785753	3115016
4721	2786419	3114511
4722	2786842	3113734
4723	2787361	3113065
4724	2787974	3112501
4725	2788629	3111982
4726	2789104	3111265
4727	2789723	3110707
4728	2790232	3110026
4729	2790788	3109398
4730	2791355	3108783
4731	2791927	3108173
4732	2792612	3107688
4733	2793114	3107000
4734	2793741	3106451
4735	2794399	3105937
4736	2794891	3105238
4737	2795518	3104689
4738	2796033	3104015
4739	2796637	3103441
4740	2797189	3102809
4741	2797657	3102084
4742	2798166	3101403
4743	2798778	3100838
4744	2799318	3100194
4745	2799797	3099480
4746	2800272	3098763
4747	2800884	3098197
4748	2801598	3097745
4749	2802116	3097075
4750	2802717	3096498
4751	2803274	3095871
4752	2803888	3095308
4753	2804526	3094771
4754	2805016	3094071
4755	2805647	3093527
4756	2806293	3092999
4757	2806798	3092315
4758	2807275	3091601
4759	2807882	3091030
4760	2808537	3090511
4761	2809044	3089830
4762	2809709	3089324
4763	2810322	3088758
4764	2810847	3088097
4765	2811508	3087585
4766	2811992	3086880
4767	2812608	3086318
4768	2813080	3085598
4769	2813732	3085078
4770	2814361	3084531
4771	2814933	3083921
4772	2815629	3083447
4773	2816185	3082820
4774	2816779	3082235
4775	2817461	3081745
4776	2817885	3080974
4777	2818539	3080455
4778	2819079	3079809
4779	2819698	3079252
4780	2820353	3078733
4781	2820847	3078039
4782	2821540	3077561
4783	2822063	3076898
4784	2822714	3076375
4785	2823276	3075754
4786	2823862	3075160
4787	2824453	3074572
4788	2824978	3073911
4789	2825651	3073412
4790	2826345	3072934
4791	2826906	3072314
4792	2827560	3071794
4793	2828062	3071108
4794	2828702	3070572
4795	2829264	3069952
4796	2829874	3069384
4797	2830577	3068917
4798	2831105	3068259
4799	2831711	3067687
4800	2832222	3067011
4801	2832789	3066397
4802	2833344	3065769
4803	2833901	3065143
4804	2834598	3064669
4805	2835161	3064051
4806	2835823	3063538
4807	2836527	3063072
4808	2837091	3062453
4809	2837718	3061904
4810	2838304	3061310
4811	2838840	3060661
4812	2839466	3060110
4813	2839942	3059398
4814	2840566	3058844
4815	2841074	3058166
4816	2841640	3057550
4817	2842211	3056940
4818	2842830	3056382
4819	2843483	3055860
4820	2843924	3055109
4821	2844581	3054591
4822	2845165	3053995
4823	2845820	3053475
4824	2846512	3052995
4825	2846993	3052288
4826	2847606	3051722
4827	2848134	3051067
4828	2848717	3050470
4829	2849336	3049911
4830	2849865	3049255
4831	2850535	3048752
4832	2851071	3048104
4833	2851705	3047561
4834	2852323	3047001
4835	2852973	3046475
4836	2853606	3045931
4837	2854278	3045429
4838	2854923	3044897
4839	2855638	3044440
4840	2856421	3044056
4841	2857125	3043587
4842	2857836	3043126
4843	2858475	3042588
4844	2859012	3041942
4845	2859680	3041434
4846	2860158	3040725
4847	2860813	3040204
4848	2861466	3039681
4849	2861917	3038943
4850	2862590	3038441
4851	2862997	3037656
4852	2863649	3037133
4853	2864247	3036550
4854	2864840	3035963
4855	2865462	3035407
4856	2866153	3034923
4857	2866689	3034276
4858	2867359	3033771
4859	2867779	3033001
4860	2868426	3032471
4861	2868977	3031840
4862	2869590	3031274
4863	2869965	3030456
4864	2870591	3029904
4865	2871186	3029320
4866	2871718	3028668
4867	2872283	3028052
4868	2872898	3027489
4869	2873545	3026958
4870	2874099	3026330
4871	2874713	3025765
4872	2875307	3025180
4873	2875868	3024559
4874	2876587	3024104
4875	2877117	3023451
4876	2877695	3022849
4877	2878260	3022232
4878	2878796	3021585
4879	2879394	3021003
4880	2879904	3020330
4881	2880577	3019827
4882	2881113	3019180
4883	2881686	3018572
4884	2882221	3017924
4885	2882704	3017223
4886	2883292	3016630
4887	2883877	3016035
4888	2884592	3015576
4889	2885180	3014983
4890	2885824	3014450
4891	2886480	3013929
4892	2886958	3013222
4893	2887634	3012721
4894	2888140	3012044
4895	2888725	3011449
4896	2889350	3010896
4897	2889863	3010225
4898	2890471	3009653
4899	2891015	3009016
4900	2891682	3008506
4901	2892320	3007966
4902	2892807	3007268
4903	2893420	3006703
4904	2893926	3006025
4905	2894615	3005538
4906	2895113	3004852
4907	2895763	3004325
4908	2896436	3003821
4909	2896890	3003090
4910	2897570	3002593
4911	2898137	3001979
4912	2898728	3001390
4913	2899348	3000831
4914	2899839	3000139
4915	2900533	2999656
4916	2901006	2998945
4917	2901608	2998368
4918	2902229	2997810
4919	2902781	2997180
4920	2903340	2996558
4921	2903830	2995866
4922	2904405	2995260
4923	2904879	2994551
4924	2905597	2994092
4925	2906240	2993557
4926	2906837	2992974
4927	2907471	2992430
4928	2908031	2991809
4929	2908650	2991249
4930	2909337	2990758
4931	2909800	2990037
4932	2910446	2989506
4933	2911013	2988892
4934	2911644	2988344
4935	2912152	2987669
4936	2912736	2987073
4937	2913355	2986514
4938	2913842	2985817
4939	2914529	2985327
4940	2915019	2984635
4941	2915681	2984119
4942	2916355	2983614
4943	2916909	2982988
4944	2917575	2982476
4945	2918144	2981864
4946	2918719	2981259
4947	2919403	2980764
4948	2919914	2980094
4949	2920599	2979601
4950	2921170	2978991
4951	2921749	2978390
4952	2922465	2977929
4953	2922906	2977187
4954	2923589	2976691
4955	2924115	2976036
4956	2924691	2975432
4957	2925260	2974821
4958	2925939	2974321
4959	2926552	2973755
4960	2927095	2973116
4961	2927706	2972547
4962	2928294	2971956
4963	2928824	2971305
4964	2929434	2970735
4965	2929959	2970079
4966	2930618	2969559
4967	2931276	2969038
4968	2931750	2968330
4969	2932264	2967664
4970	2932856	2967075
4971	2933554	2966595
4972	2934103	2965963
4973	2934738	2965419
4974	2935377	2964878
4975	2935957	2964278
4976	2936602	2963743
4977	2937134	2963095
4978	2937738	2962519
4979	2938415	2962016
4980	2938922	2961343
4981	2939578	2960820
4982	2940135	2960196
4983	2940710	2959591
4984	2941388	2959089
4985	2941857	2958377
4986	2942527	2957868
4987	2943087	2957248
4988	2943713	2956694
4989	2944182	2955983
4990	2944693	2955313
4991	2945301	2954741
4992	2945873	2954133
4993	2946574	2953654
4994	2947087	2952987
4995	2947714	2952434
4996	2948306	2951846
4997	2948781	2951141
4998	2949371	2950551
4999	2949871	2949871
5000	2950527	2949347
5001	2951001	2948641
5002	2951650	2948110
5003	2952282	2947562
5004	2952843	2946943
5005	2953537	2946457
5006	2954135	2945875
5007	2954753	2945313
5008	2955462	2944842
5009	2956214	2944413
5010	2957017	2944035
5011	2957723	2943559
5012	2958414	2943070
5013	2959166	2942641
5014	2959955	2942249
5015	2960572	2941685
5016	2961215	2941147
5017	2961733	2940485
5018	2962418	2939989
5019	2962978	2939369
5020	2963543	2938754
5021	2964144	2938174
5022	2964695	2937545
5023	2965396	2937064
5024	2966005	2936492
5025	2966654	2935960
5026	2967289	2935415
5027	2967801	2934746
5028	2968479	2934243
5029	2969006	2933590
5030	2969639	2933042
5031	2970347	2932568
5032	2970880	2931922
5033	2971564	2931424
5034	2972170	2930849
5035	2972735	2930233
5036	2973326	2929644
5037	2973884	2929022
5038	2974567	2928523
5039	2975152	2927927
5040	2975845	2927438
5041	2976470	2926882
5042	2977048	2926280
5043	2977614	2925665
5044	2978179	2925050
5045	2978751	2924442
5046	2979450	2923958
5047	2979915	2923245
5048	2980528	2922677
5049	2981109	2922077
5050	2981684	2921472
5051	2982232	2920840
5052	2982724	2920153
5053	2983393	2919641
5054	2983824	2918894
5055	2984418	2918308
5056	2984872	2917584
5057	2985503	2917033
5058	2986088	2916438
5059	2986721	2915890
5060	2987373	2915359
5061	2987870	2914678
5062	2988465	2914093
5063	2989049	2913496
5064	2989641	2912908
5065	2990185	2912273
5066	2990728	2911637
5067	2991205	2910936
5068	2991777	2910328
5069	2992360	2909731
5070	2992827	2909021
5071	2993477	2908489
5072	2994005	2907838
5073	2994564	2907218
5074	2995120	2906595
5075	2995779	2906071
5076	2996465	2905573
5077	2997026	2904955
5078	2997677	2904423
5079	2998302	2903867
5080	2998786	2903174
5081	2999425	2902632
5082	2999902	2901931
5083	3000552	2901399
5084	3001174	2900839
5085	3001742	2900229
5086	3002391	2899695
5087	3002793	2898923
5088	3003443	2898391
5089	3003852	2897625
5090	3004470	2897062
5091	3004914	2896331
5092	3005500	2895737
5093	3006144	2895198
5094	3006729	2894603
5095	3007421	2894112
5096	3007928	2893442
5097	3008549	2892881
5098	3009108	2892260
5099	3009651	2891626
5100	3010230	2891025
5101	3010714	2890333
5102	3011372	2889808
5103	3011839	2889099
5104	3012409	2888490
5105	3012903	2887808
5106	3013593	2887313
5107	3014243	2886781
5108	3014737	2886098
5109	3015371	2885551
5110	3015915	2884916
5111	3016532	2884352
5112	3016977	2883623
5113	3017618	2883082
5114	3018162	2882448
5115	3018730	2881837
5116	3019330	2881256
5117	3019836	2880586
5118	3020475	2880042
5119	3020981	2879373
5120	3021612	2878821
5121	3022205	2878235
5122	3022799	2877648
5123	3023398	2877067
5124	3023907	2876399
5125	3024563	2875872
5126	3025193	2875320
5127	3025853	2874796
5128	3026550	2874308
5129	3027055	2873637
5130	3027563	2872969
5131	3027968	2872203
5132	3028578	2871633
5133	3029181	2871055
5134	3029725	2870421
5135	3030332	2869847
5136	3030793	2869135
5137	3031406	2868567
5138	3031853	2867841
5139	3032486	2867292
5140	3033050	2866678
5141	3033588	2866039
5142	3034114	2865388
5143	3034648	2864745
5144	3035280	2864195
5145	3035890	2863624
5146	3036548	2863099
5147	3037068	2862443
5148	3037628	2861825
5149	3038207	2861224
5150	3038788	2860626
5151	3039492	2860143
5152	3039981	2859458
5153	3040527	2858827
5154	3041035	2858160
5155	3041664	2857607
5156	3042281	2857042
5157	3042779	2856366
5158	3043418	2855822
5159	3043945	2855173
5160	3044483	2854534
5161	3044990	2853867
5162	3045595	2853291
5163	3046264	2852775
5164	3046779	2852115
5165	3047401	2851556
5166	3047922	2850901
5167	3048598	2850392
5168	3048964	2849593
5169	3049595	2849041
5170	3050223	2848487
5171	3050716	2847807
5172	3051407	2847312
5173	3051870	2846603
5174	3052558	2846104
5175	3053219	2845581
5176	3053751	2844937
5177	3054368	2844373
5178	3054843	2843676
5179	3055544	2843190
5180	3056136	2842602
5181	3056635	2841928
5182	3057332	2841437
5183	3057835	2840766
5184	3058482	2840229
5185	3059024	2839596
5186	3059634	2839024
5187	3060265	2838472
5188	3060771	2837804
5189	3061453	2837300
5190	3062017	2836687
5191	3062577	2836069
5192	3063105	2835422
5193	3063630	2834772
5194	3064205	2834168
5195	3064831	2833612
5196	3065503	2833098
5197	3066148	2832559
5198	3066679	2831915
5199	3067384	2831432
5200	3067900	2830774
5201	3068573	2830261
5202	3069070	2829584
5203	3069625	2828963
5204	3070225	2828382
5205	3070754	2827736
5206	3071400	2827198
5207	3071960	2826581
5208	3072603	2826040
5209	3073254	2825506
5210	3073801	2824877
5211	3074444	2824336
5212	3075006	2823721
5213	3075605	2823139
5214	3076221	2822573
5215	3076731	2821910
5216	3077347	2821344
5217	3077853	2820677
5218	3078452	2820096
5219	3079169	2819622
5220	3079959	2819215
5221	3080736	2818797
5222	3081379	2818255
5223	3082118	2817801
5224	3082910	2817396
5225	3083555	2816857
5226	3084161	2816281
5227	3084672	2815618
5228	3085302	2815065
5229	3085977	2814552
5230	3086520	2813919
5231	3087123	2813342
5232	3087627	2812673
5233	3088196	2812064
5234	3088722	2811415
5235	3089319	2810832
5236	3089809	2810151
5237	3090483	2809637
5238	3091045	2809022
5239	3091603	2808402
5240	3092126	2807752
5241	3092656	2807107
5242	3093281	2806549
5243	3093713	2805816
5244	3094342	2805261
5245	3094807	2804558
5246	3095495	2804057
5247	3096235	2803603
5248	3096672	2802875
5249	3097291	2802311
5250	3097868	2801709
5251	3098481	2801140
5252	3098989	2800476
5253	3099606	2799910
5254	3100255	2799374
5255	3100749	2798697
5256	3101387	2798150
5257	3101918	2797507
5258	3102478	2796891
5259	3102845	2796100
5260	3103464	2795536
5261	3103995	2794893
5262	3104646	2794359
5263	3105246	2793778
5264	3105887	2793234
5265	3106498	2792663
5266	3107038	2792027
5267	3107632	2791442
5268	3108193	2790825
5269	3108760	2790216
5270	3109465	2789729
5271	3109880	2788982
5272	3110485	2788405
5273	3110892	2787652
5274	3111589	2787158
5275	3112229	2786613
5276	3112749	2785960
5277	3113447	2785468
5278	3114026	2784868
5279	3114594	2784258
5280	3115281	2783755
5281	3115902	2783193
5282	3116489	2782600
5283	3116979	2781922
5284	3117579	2781341
5285	3118089	2780679
5286	3118665	2780077
5287	3119258	2779490
5288	3119822	2778877
5289	3120481	2778349
5290	3121054	2777744
5291	3121661	2777170
5292	3122270	2776596
5293	3122727	2775889
5294	3123351	2775329
5295	3123864	2774671
5296	3124553	2774169
5297	3125121	2773560
5298	3125770	2773022
5299	3126423	2772488
5300	3126966	2771857
5301	3127581	2771289
5302	3128188	2770714
5303	3128692	2770049
5304	3129337	2769508
5305	3129786	2768793
5306	3130416	2768238
5307	3130914	2767567
5308	3131548	2767017
5309	3132187	2766470
5310	3132664	2765781
5311	3133295	2765227
5312	3133781	2764546
5313	3134327	2763918
5314	3134876	2763291
5315	3135531	2762759
5316	3136243	2762276
5317	3136875	2761724
5318	3137498	2761163
5319	3138063	2760552
5320	3138699	2760003
5321	3139330	2759449
5322	3139887	2758830
5323	3140471	2758235
5324	3140968	2757563
5325	3141587	2756999
5326	3142226	2756452
5327	3142783	2755834
5328	3143378	2755248
5329	3143931	2754626
5330	3144530	2754044
5331	3145138	2753470
5332	3145694	2752851
5333	3146334	2752305
5334	3146881	2751678
5335	3147504	2751117
5336	3147980	2750427
5337	3148602	2749865
5338	3149239	2749316
5339	3149768	2748674
5340	3150381	2748104
5341	3150951	2747497
5342	3151517	2746886
5343	3152147	2746332
5344	3152649	2745665
5345	3153264	2745097
5346	3153722	2744393
5347	3154359	2743844
5348	3154804	2743128
5349	3155437	2742576
5350	3156087	2742038
5351	3156678	2741450
5352	3157324	2740909
5353	3157735	2740163
5354	3158380	2739621
5355	3158932	2739000
5356	3159527	2738414
5357	3160140	2737845
5358	3160622	2737161
5359	3161201	2736562
5360	3161734	2735923
5361	3162333	2735341
5362	3162953	2734777
5363	3163585	2734225
5364	3164218	2733672
5365	3164705	2732993
5366	3165404	2732498
5367	3166083	2731985
5368	3166673	2731396
5369	3167312	2730848
5370	3167803	2730173
5371	3168428	2729613
5372	3168876	2728902
5373	3169489	2728332
5374	3170080	2727743
5375	3170673	2727156
5376	3171343	2726636
5377	3171872	2725993
5378	3172451	2725394
5379	3173078	2724837
5380	3173667	2724246
5381	3174301	2723694
5382	3174792	2723020
5383	3175479	2722513
5384	3176110	2721959
5385	3176626	2721306
5386	3177316	2720802
5387	3177740	2720069
5388	3178417	2719554
5389	3178946	2718913
5390	3179578	2718360
5391	3180260	2717848
5392	3180743	2717167
5393	3181456	2716683
5394	3182201	2716226
5395	3182949	2715770
5396	3183617	2715247
5397	3184234	2714680
5398	3185032	2714268
5399	3185709	2713752
5400	3186515	2713346
5401	3187331	2712948
5402	3187903	2712344
5403	3188531	2711785
5404	3189187	2711251
5405	3189647	2710551
5406	3190252	2709974
5407	3190675	2709242
5408	3191339	2708714
5409	3191856	2708062
5410	3192468	2707491
5411	3193105	2706941
5412	3193662	2706323
5413	3194376	2705838
5414	3194854	2705153
5415	3195544	2704648
5416	3196248	2704154
5417	3196692	2703440
5418	3197369	2702924
5419	3197825	2702221
5420	3198489	2701694
5421	3199102	2701123
5422	3199694	2700534
5423	3200351	2700001
5424	3200791	2699284
5425	3201460	2698761
5426	3202067	2698185
5427	3202581	2697531
5428	3203132	2696909
5429	3203643	2696252
5430	3204298	2695716
5431	3204836	2695083
5432	3205523	2694574
5433	3206145	2694011
5434	3206650	2693350
5435	3207277	2692791
5436	3207794	2692139
5437	3208490	2691639
5438	3209106	2691070
5439	3209686	2690472
5440	3210321	2689920
5441	3210734	2689182
5442	3211389	2688646
5443	3211912	2688000
5444	3212515	2687421
5445	3213196	2686906
5446	3213686	2686234
5447	3214308	2685670
5448	3214895	2685078
5449	3215477	2684481
5450	3216088	2683909
5451	3216571	2683229
5452	3217126	2682610
5453	3217599	2681922
5454	3218274	2681403
5455	3218736	2680707
5456	3219367	2680151
5457	3219914	2679525
5458	3220493	2678927
5459	3221141	2678385
5460	3221627	2677708
5461	3222325	2677208
5462	3222817	2676537
5463	3223435	2675970
5464	3223878	2675258
5465	3224515	2674707
5466	3225129	2674137
5467	3225779	2673597
5468	3226443	2673069
5469	3227077	2672515
5470	3227640	2671903
5471	3228274	2671349
5472	3228808	2670713
5473	3229453	2670169
5474	3230075	2669605
5475	3230579	2668944
5476	3231230	2668405
5477	3231784	2667785
5478	3232349	2667175
5479	3232818	2666485
5480	3233461	2665938
5481	3234065	2665360
5482	3234590	2664717
5483	3235281	2664210
5484	3235899	2663643
5485	3236551	2663105
5486	3237212	2662573
5487	3237686	2661887
5488	3238369	2661374
5489	3238952	2660779
5490	3239461	2660122
5491	3240110	2659581
5492	3240609	2658916
5493	3241203	2658329
5494	3241744	2657699
5495	3242384	2657150
5496	3242989	2656573
5497	3243529	2655942
5498	3244124	2655356
5499	3244623	2654691
5500	3245260	2654140
5501	3245911	2653600
5502	3246485	2652997
5503	3247128	2652451
5504	3247577	2651745
5505	3248291	2651257
5506	3248789	2650592
5507	3249442	2650053
5508	3250062	2649488
5509	3250526	2648795
5510	3251156	2648238
5511	3251642	2647563
5512	3252324	2647048
5513	3252932	2646473
5514	3253549	2645905
5515	3254197	2645362
5516	3254672	2644679
5517	3255277	2644102
5518	3255955	2643583
5519	3256543	2642992
5520	3257150	2642415
5521	3257594	2641707
5522	3258266	2641183
5523	3258719	2640482
5524	3259386	2639955
5525	3259967	2639358
5526	3260530	2638746
5527	3261136	2638170
5528	3261668	2637533
5529	3262310	2636985
5530	3262853	2636356
5531	3263432	2635758
5532	3264110	2635240
5533	3264634	2634596
5534	3265305	2634071
5535	3265946	2633523
5536	3266544	2632940
5537	3267167	2632376
5538	3267617	2631673
5539	3268215	2631090
5540	3268701	2630417
5541	3269382	2629899
5542	3269940	2629284
5543	3270450	2628630
5544	3271005	2628012
5545	3271564	2627397
5546	3272210	2626853
5547	3272695	2626179
5548	3273341	2625634
5549	3273936	2625048
5550	3274502	2624439
5551	3275077	2623837
5552	3275643	2623228
5553	3276330	2622716
5554	3276811	2622039
5555	3277373	2621427
5556	3277983	2620852
5557	3278572	2620262
5558	3279168	2619677
5559	3279696	2619038
5560	3280331	2618484
5561	3280851	2617838
5562	3281404	2617219
5563	3282028	2616656
5564	3282644	2616087
5565	3283304	2615553
5566	3283821	2614905
5567	3284573	2614444
5568	3285183	2613871
5569	3285971	2613438
5570	3286619	2612895
5571	3287307	2612383
5572	3287874	2611774
5573	3288516	2611226
5574	3289244	2610745
5575	3290015	2610299
5576	3290660	2609753
5577	3291324	2609221
5578	3291809	2608547
5579	3292421	2607975
5580	3292968	2607351
5581	3293549	2606754
5582	3294213	2606222
5583	3294741	2605583
5584	3295331	2604993
5585	3295974	2604445
5586	3296524	2603823
5587	3297210	2603309
5588	3297620	2602577
5589	3298248	2602017
5590	3298778	2601379
5591	3299358	2600782
5592	3300003	2600235
5593	3300509	2599578
5594	3301195	2599064
5595	3301706	2598412
5596	3302347	2597862
5597	3302865	2597215
5598	3303438	2596612
5599	3304032	2596025
5600	3304511	2595348
5601	3305172	2594814
5602	3305815	2594265
5603	3306379	2593654
5604	3306991	2593082
5605	3307489	2592420
5606	3308136	2591874
5607	3308619	2591201
5608	3309277	2590664
5609	3309744	2589978
5610	3310432	2589465
5611	3310976	2588839
5612	3311515	2588209
5613	3312140	2587646
5614	3312661	2587003
5615	3313294	2586446
5616	3313869	2585844
5617	3314528	2585308
5618	3315165	2584755
5619	3315761	2584169
5620	3316388	2583609
5621	3317050	2583074
5622	3317569	2582429
5623	3318224	2581890
5624	3318786	2581278
5625	3319379	2580691
5626	3319995	2580120
5627	3320525	2579484
5628	3321137	2578911
5629	3321679	2578284
5630	3322325	2577737
5631	3322894	2577130
5632	3323420	2576491
5633	3323992	2575887
5634	3324526	2575254
5635	3325201	2574730
5636	3325887	2574214
5637	3326479	2573626
5638	3327063	2573031
5639	3327524	2572341
5640	3328191	2571810
5641	3328643	2571114
5642	3329333	2570602
5643	3330037	2570100
5644	3330467	2569386
5645	3331141	2568861
5646	3331618	2568184
5647	3332278	2567647
5648	3332828	2567027
5649	3333386	2566412
5650	3333882	2565750
5651	3334467	2565156
5652	3335138	2564628
5653	3335729	2564039
5654	3336395	2563508
5655	3337028	2562951
5656	3337573	2562326
5657	3338144	2561721
5658	3338624	2561047
5659	3339298	2560522
5660	3339915	2559952
5661	3340500	2559358
5662	3341135	2558803
5663	3341645	2558151
5664	3342304	2557614
5665	3342928	2557050
5666	3343476	2556428
5667	3344125	2555884
5668	3344629	2555228
5669	3345338	2554729
5670	3346056	2554236
5671	3346515	2553546
5672	3347152	2552993
5673	3347697	2552368
5674	3348331	2551812
5675	3348855	2551171
5676	3349402	2550548
5677	3350038	2549993
5678	3350582	2549368
5679	3351169	2548776
5680	3351717	2548155
5681	3352362	2547606
5682	3353028	2547074
5683	3353555	2546436
5684	3354172	2545867
5685	3354742	2545261
5686	3355337	2544675
5687	3355973	2544120
5688	3356494	2543478
5689	3357156	2542942
5690	3357546	2542201
5691	3358195	2541656
5692	3358706	2541006
5693	3359380	2540479
5694	3359980	2539897
5695	3360572	2539309
5696	3361250	2538785
5697	3361853	2538205
5698	3362376	2537565
5699	3363005	2537004
5700	3363528	2536363
5701	3364167	2535810
5702	3364692	2535171
5703	3365251	2534558
5704	3365882	2533999
5705	3366478	2533413
5706	3367042	2532804
5707	3367527	2532135
5708	3368110	2531539
5709	3368508	2530805
5710	3369148	2530253
5711	3369649	2529596
5712	3370282	2529039
5713	3370824	2528413
5714	3371364	2527785
5715	3371935	2527181
5716	3372365	2526472
5717	3373010	2525923
5718	3373532	2525282
5719	3374206	2524755
5720	3374816	2524181
5721	3375441	2523617
5722	3376097	2523076
5723	3376579	2522406
5724	3377211	2521848
5725	3377767	2521232
5726	3378340	2520630
5727	3378992	2520086
5728	3379487	2519426
5729	3380117	2518865
5730	3380629	2518218
5731	3381216	2517625
5732	3381692	2516951
5733	3382276	2516357
5734	3382827	2515738
5735	3383431	2515159
5736	3384094	2514623
5737	3384523	2513914
5738	3385195	2513385
5739	3385797	2512804
5740	3386442	2512255
5741	3387072	2511695
5742	3387529	2511006
5743	3388184	2510465
5744	3388687	2509810
5745	3389368	2509288
5746	3389998	2508728
5747	3390463	2508046
5748	3391113	2507500
5749	3391540	2506791
5750	3392227	2506272
5751	3392813	2505679
5752	3393377	2505070
5753	3394034	2504531
5754	3394508	2503855
5755	3395198	2503339
5756	3395855	2502798
5757	3396403	2502178
5758	3397097	2501665
5759	3397464	2500911
5760	3398111	2500363
5761	3398628	2499720
5762	3399283	2499177
5763	3399770	2498512
5764	3400327	2497898
5765	3400980	2497355
5766	3401465	2496688
5767	3402168	2496181
5768	3402638	2495504
5769	3403274	2494948
5770	3403813	2494321
5771	3404407	2493734
5772	3404964	2493120
5773	3405615	2492575
5774	3406266	2492030
5775	3406884	2491461
5776	3407423	2490834
5777	3408079	2490293
5778	3408713	2489735
5779	3409421	2489231
5780	3409997	2488631
5781	3410701	2488125
5782	3411456	2487655
5783	3412185	2487166
5784	3412800	2486595
5785	3413426	2486031
5786	3414062	2485475
5787	3414585	2484836
5788	3415275	2484319
5789	3415967	2483803
5790	3416457	2483141
5791	3417049	2482552
5792	3417498	2481860
5793	3418167	2481327
5794	3418664	2480670
5795	3419252	2480079
5796	3419849	2479494
5797	3420379	2478860
5798	3420980	2478279
5799	3421527	2477657
5800	3422138	2477083
5801	3422692	2476467
5802	3423287	2475880
5803	3423893	2475302
5804	3424472	2474705
5805	3425043	2474101
5806	3425664	2473533
5807	3426291	2472971
5808	3426927	2472414
5809	3427492	2471805
5810	3428100	2471229
5811	3428566	2470549
5812	3429218	2470005
5813	3429841	2469438
5814	3430390	2468818
5815	3431045	2468276
5816	3431619	2467674
5817	3432243	2467109
5818	3432849	2466531
5819	3433445	2465945
5820	3434059	2465372
5821	3434599	2464746
5822	3435280	2464222
5823	3435980	2463711
5824	3436517	2463083
5825	3437161	2462532
5826	3437643	2461865
5827	3438294	2461318
5828	3438939	2460768
5829	3439434	2460110
5830	3440069	2459552
5831	3440564	2458894
5832	3441171	2458317
5833	3441673	2457664
5834	3442235	2457053
5835	3442759	2456416
5836	3443257	2455761
5837	3443772	2455118
5838	3444271	2454463
5839	3444911	2453909
5840	3445478	2453303
5841	3446135	2452761
5842	3446620	2452097
5843	3447260	2451542
5844	3447792	2450911
5845	3448321	2450278
5846	3448930	2449702
5847	3449404	2449029
5848	3450003	2448446
5849	3450591	2447855
5850	3451182	2447266
5851	3451729	2446645
5852	3452287	2446033
5853	3452916	2445471
5854	3453421	2444821
5855	3454111	2444303
5856	3454580	2443627
5857	3455192	2443053
5858	3455844	2442507
5859	3456366	2441869
5860	3457037	2441337
5861	3457512	2440666
5862	3458195	2440142
5863	3458795	2439559
5864	3459379	2438965
5865	3459949	2438361
5866	3460454	2437712
5867	3461158	2437202
5868	3461641	2436537
5869	3462235	2435951
5870	3462779	2435328
5871	3463399	2434760
5872	3463983	2434166
5873	3464505	2433529
5874	3465178	2432997
5875	3465882	2432488
5876	3466460	2431890
5877	3467060	2431306
5878	3467536	2430637
5879	3468261	2430142
5880	3468848	2429550
5881	3469399	2428933
5882	3469983	2428339
5883	3470468	2427676
5884	3471160	2427157
5885	3471620	2426477
5886	3472252	2425917
5887	3472838	2425325
5888	3473411	2424723
5889	3474054	2424170
5890	3474701	2423620
5891	3475316	2423048
5892	3476018	2422536
5893	3476519	2421884
5894	3477162	2421332
5895	3477736	2420730
5896	3478358	2420163
5897	3478942	2419569
5898	3479493	2418952
5899	3480145	2418405
5900	3480686	2417782
5901	3481213	2417149
5902	3481836	2416582
5903	3482321	2415919
5904	3482967	2415368
5905	3483457	2414709
5906	3484144	2414187
5907	3484785	2413632
5908	3485352	2413027
5909	3486013	2412486
5910	3486496	2411822
5911	3487185	2411301
5912	3487691	2410653
5913	3488239	2410035
5914	3488846	2409456
5915	3489405	2408845
5916	3490045	2408290
5917	3490490	2407600
5918	3491140	2407052
5919	3491591	2406366
5920	3492246	2405822
5921	3492886	2405266
5922	3493414	2404634
5923	3494070	2404090
5924	3494643	2403489
5925	3495246	2402907
5926	3495894	2402358
5927	3496493	2401775
5928	3497108	2401202
5929	3497611	2400552
5930	3498165	2399938
5931	3498819	2399392
5932	3499365	2398772
5933	3499986	2398204
5934	3500541	2397590
5935	3501181	2397035
5936	3501754	2396433
5937	3502307	2395818
5938	3503009	2395306
5939	3503473	2394629
5940	3504087	2394056
5941	3504633	2393437
5942	3505207	2392836
5943	3505882	2392304
5944	3506319	2391610
5945	3507021	2391097
5946	3507498	2390430
5947	3508135	2389873
5948	3508701	2389267
5949	3509286	2388674
5950	3509951	2388135
5951	3510513	2387526
5952	3511342	2387099
5953	3512159	2386663
5954	3512864	2386152
5955	3513592	2385656
5956	3514353	2385182
5957	3515114	2384708
5958	3515871	2384231
5959	3516453	2383636
5960	3517118	2383097
5961	3517635	2382457
5962	3518129	2381802
5963	3518703	2381201
5964	3519308	2380622
5965	3519836	2379990
5966	3520378	2379367
5967	3521004	2378802
5968	3521438	2378106
5969	3522054	2377534
5970	3522448	2376812
5971	3523160	2376304
5972	3523811	2375755
5973	3524364	2375140
5974	3524955	2374551
5975	3525595	2373995
5976	3526195	2373411
5977	3526748	2372797
5978	3527305	2372185
5979	3527941	2371626
5980	3528418	2370960
5981	3529088	2370423
5982	3529509	2369721
5983	3530147	2369163
5984	3530703	2368550
5985	3531216	2367909
5986	3531714	2367257
5987	3532305	2366667
5988	3532996	2366146
5989	3533585	2365555
5990	3534219	2364994
5991	3534832	2364420
5992	3535403	2363818
5993	3536100	2363299
5994	3536662	2362690
5995	3537241	2362093
5996	3537872	2361531
5997	3538340	2360859
5998	3539062	2360357
5999	3539505	2359670
6000	3540090	2359077
6001	3540600	2358434
6002	3541231	2357871
6003	3541878	2357319
6004	3542353	2356653
6005	3543055	2356137
6006	3543632	2355539
6007	3544192	2354929
6008	3544735	2354308
6009	3545383	2353756
6010	3546013	2353193
6011	3546470	2352515
6012	3547073	2351934
6013	3547533	2351258
6014	3548189	2350712
6015	3548844	2350165
6016	3549374	2349536
6017	3550022	2348984
6018	3550573	2348369
6019	3551204	2347806
6020	3551884	2347275
